{
  "type": "FeatureCollection",
  "generatedAt": "2026-08-08T09:46:25.383Z",
  "bbox": "49.85,29.20,51.55,32.30",
  "features": [
    {
      "type": "Feature",
      "geometry": {
        "type": "Point",
        "coordinates": [
          30.2863437,
          50.4603394
        ]
      },
      "properties": {
        "osmId": "way/5211956",
        "name": "Нивки рибне господарство",
        "nameUk": "Нивки рибне господарство",
        "nameEn": null,
        "water": "lake",
        "leisure": null,
        "access": null,
        "source": "OpenStreetMap"
      }
    },
    {
      "type": "Feature",
      "geometry": {
        "type": "Point",
        "coordinates": [
          30.3464967,
          50.4502495
        ]
      },
      "properties": {
        "osmId": "way/5211959",
        "name": "став № 14 р. Нивка",
        "nameUk": "став № 14 р. Нивка",
        "nameEn": null,
        "water": "pond",
        "leisure": null,
        "access": null,
        "source": "OpenStreetMap"
      }
    },
    {
      "type": "Feature",
      "geometry": {
        "type": "Point",
        "coordinates": [
          30.6273962,
          50.5147446
        ]
      },
      "properties": {
        "osmId": "way/5218480",
        "name": "Середнє Вигурівське",
        "nameUk": "Середнє Вигурівське",
        "nameEn": null,
        "water": "water",
        "leisure": null,
        "access": null,
        "source": "OpenStreetMap"
      }
    },
    {
      "type": "Feature",
      "geometry": {
        "type": "Point",
        "coordinates": [
          30.630053,
          50.5252294
        ]
      },
      "properties": {
        "osmId": "way/5218481",
        "name": "Верхнє Вигурівське",
        "nameUk": "Верхнє Вигурівське",
        "nameEn": null,
        "water": "water",
        "leisure": null,
        "access": null,
        "source": "OpenStreetMap"
      }
    },
    {
      "type": "Feature",
      "geometry": {
        "type": "Point",
        "coordinates": [
          30.6451894,
          50.5101661
        ]
      },
      "properties": {
        "osmId": "way/5218569",
        "name": "Алмазне озеро",
        "nameUk": "Алмазне озеро",
        "nameEn": "Diamond Lake",
        "water": "lake",
        "leisure": null,
        "access": null,
        "source": "OpenStreetMap"
      }
    },
    {
      "type": "Feature",
      "geometry": {
        "type": "Point",
        "coordinates": [
          30.6200707,
          50.5030752
        ]
      },
      "properties": {
        "osmId": "way/5218570",
        "name": "Нижнє Вигурівське",
        "nameUk": "Нижнє Вигурівське",
        "nameEn": null,
        "water": "water",
        "leisure": null,
        "access": null,
        "source": "OpenStreetMap"
      }
    },
    {
      "type": "Feature",
      "geometry": {
        "type": "Point",
        "coordinates": [
          30.6082397,
          50.4260878
        ]
      },
      "properties": {
        "osmId": "way/6141739",
        "name": "Тельбін",
        "nameUk": "Тельбін",
        "nameEn": "Telbin",
        "water": "lake",
        "leisure": null,
        "access": null,
        "source": "OpenStreetMap"
      }
    },
    {
      "type": "Feature",
      "geometry": {
        "type": "Point",
        "coordinates": [
          30.5850022,
          50.4849231
        ]
      },
      "properties": {
        "osmId": "way/8072297",
        "name": "Райдужне озеро (Радунка)",
        "nameUk": "Райдужне озеро (Радунка)",
        "nameEn": "Raiduzhne Lake",
        "water": "lake",
        "leisure": null,
        "access": null,
        "source": "OpenStreetMap"
      }
    },
    {
      "type": "Feature",
      "geometry": {
        "type": "Point",
        "coordinates": [
          30.6087801,
          50.3973014
        ]
      },
      "properties": {
        "osmId": "way/22634934",
        "name": "Синятин",
        "nameUk": "Синятин",
        "nameEn": null,
        "water": "lake",
        "leisure": null,
        "access": null,
        "source": "OpenStreetMap"
      }
    },
    {
      "type": "Feature",
      "geometry": {
        "type": "Point",
        "coordinates": [
          30.5019382,
          50.4940252
        ]
      },
      "properties": {
        "osmId": "way/23659074",
        "name": "Йорданське",
        "nameUk": "Йорданське",
        "nameEn": null,
        "water": "lake",
        "leisure": null,
        "access": null,
        "source": "OpenStreetMap"
      }
    },
    {
      "type": "Feature",
      "geometry": {
        "type": "Point",
        "coordinates": [
          30.5087217,
          50.5185054
        ]
      },
      "properties": {
        "osmId": "way/23685572",
        "name": "Біле озеро",
        "nameUk": "Біле озеро",
        "nameEn": "Bile Lake",
        "water": "lake",
        "leisure": null,
        "access": null,
        "source": "OpenStreetMap"
      }
    },
    {
      "type": "Feature",
      "geometry": {
        "type": "Point",
        "coordinates": [
          30.4786333,
          50.5398923
        ]
      },
      "properties": {
        "osmId": "way/23686484",
        "name": "Редькине озеро (Міністерське)",
        "nameUk": "Редькине озеро (Міністерське)",
        "nameEn": "Redkine lake (Ministerial)",
        "water": "lake",
        "leisure": null,
        "access": null,
        "source": "OpenStreetMap"
      }
    },
    {
      "type": "Feature",
      "geometry": {
        "type": "Point",
        "coordinates": [
          30.425828,
          50.4338528
        ]
      },
      "properties": {
        "osmId": "way/23706798",
        "name": "Відрадне",
        "nameUk": "Відрадне",
        "nameEn": null,
        "water": "lake",
        "leisure": null,
        "access": null,
        "source": "OpenStreetMap"
      }
    },
    {
      "type": "Feature",
      "geometry": {
        "type": "Point",
        "coordinates": [
          30.4761847,
          50.512176
        ]
      },
      "properties": {
        "osmId": "way/24546168",
        "name": "Лугове",
        "nameUk": "Лугове",
        "nameEn": "Luhove",
        "water": "lake",
        "leisure": null,
        "access": null,
        "source": "OpenStreetMap"
      }
    },
    {
      "type": "Feature",
      "geometry": {
        "type": "Point",
        "coordinates": [
          29.9875527,
          51.4978199
        ]
      },
      "properties": {
        "osmId": "way/25188012",
        "name": "Асотнае возера",
        "nameUk": "Асотнае возера",
        "nameEn": null,
        "water": "oxbow",
        "leisure": null,
        "access": null,
        "source": "OpenStreetMap"
      }
    },
    {
      "type": "Feature",
      "geometry": {
        "type": "Point",
        "coordinates": [
          30.5156959,
          51.5214013
        ]
      },
      "properties": {
        "osmId": "way/25188965",
        "name": "возера Мачалішча",
        "nameUk": "возера Мачалішча",
        "nameEn": null,
        "water": "oxbow",
        "leisure": null,
        "access": null,
        "source": "OpenStreetMap"
      }
    },
    {
      "type": "Feature",
      "geometry": {
        "type": "Point",
        "coordinates": [
          30.0139001,
          51.5014329
        ]
      },
      "properties": {
        "osmId": "way/25190384",
        "name": "возера Пярсток",
        "nameUk": "возера Пярсток",
        "nameEn": null,
        "water": "oxbow",
        "leisure": null,
        "access": null,
        "source": "OpenStreetMap"
      }
    },
    {
      "type": "Feature",
      "geometry": {
        "type": "Point",
        "coordinates": [
          30.5374017,
          51.516516
        ]
      },
      "properties": {
        "osmId": "way/25193964",
        "name": "Іалчанскае возера",
        "nameUk": "Іалчанскае возера",
        "nameEn": null,
        "water": "oxbow",
        "leisure": null,
        "access": null,
        "source": "OpenStreetMap"
      }
    },
    {
      "type": "Feature",
      "geometry": {
        "type": "Point",
        "coordinates": [
          30.1427903,
          51.5205032
        ]
      },
      "properties": {
        "osmId": "way/25195841",
        "name": "вадасховішча Уласы",
        "nameUk": "вадасховішча Уласы",
        "nameEn": null,
        "water": "reservoir",
        "leisure": null,
        "access": null,
        "source": "OpenStreetMap"
      }
    },
    {
      "type": "Feature",
      "geometry": {
        "type": "Point",
        "coordinates": [
          30.5290722,
          50.4099859
        ]
      },
      "properties": {
        "osmId": "way/26114966",
        "name": "Глинка",
        "nameUk": "Глинка",
        "nameEn": null,
        "water": "lake",
        "leisure": null,
        "access": null,
        "source": "OpenStreetMap"
      }
    },
    {
      "type": "Feature",
      "geometry": {
        "type": "Point",
        "coordinates": [
          30.5456484,
          50.5664962
        ]
      },
      "properties": {
        "osmId": "way/26356901",
        "name": "Канал",
        "nameUk": "Канал",
        "nameEn": null,
        "water": "water",
        "leisure": null,
        "access": null,
        "source": "OpenStreetMap"
      }
    },
    {
      "type": "Feature",
      "geometry": {
        "type": "Point",
        "coordinates": [
          30.4922019,
          50.577284
        ]
      },
      "properties": {
        "osmId": "way/26385635",
        "name": "Водозбірне озеро",
        "nameUk": "Водозбірне озеро",
        "nameEn": null,
        "water": "water",
        "leisure": null,
        "access": null,
        "source": "OpenStreetMap"
      }
    },
    {
      "type": "Feature",
      "geometry": {
        "type": "Point",
        "coordinates": [
          30.471858,
          50.6035349
        ]
      },
      "properties": {
        "osmId": "way/26409357",
        "name": "Резервуар Київської ГАЕС",
        "nameUk": "Резервуар Київської ГАЕС",
        "nameEn": null,
        "water": "reservoir",
        "leisure": null,
        "access": null,
        "source": "OpenStreetMap"
      }
    },
    {
      "type": "Feature",
      "geometry": {
        "type": "Point",
        "coordinates": [
          30.4444076,
          50.5176723
        ]
      },
      "properties": {
        "osmId": "way/26833286",
        "name": "ставок Кулик",
        "nameUk": "ставок Кулик",
        "nameEn": "Kulyk",
        "water": "water",
        "leisure": null,
        "access": null,
        "source": "OpenStreetMap"
      }
    },
    {
      "type": "Feature",
      "geometry": {
        "type": "Point",
        "coordinates": [
          30.638469,
          50.4001973
        ]
      },
      "properties": {
        "osmId": "way/27448938",
        "name": "Озеро Позняки",
        "nameUk": "Озеро Позняки",
        "nameEn": null,
        "water": "water",
        "leisure": null,
        "access": null,
        "source": "OpenStreetMap"
      }
    },
    {
      "type": "Feature",
      "geometry": {
        "type": "Point",
        "coordinates": [
          30.6450152,
          50.4018592
        ]
      },
      "properties": {
        "osmId": "way/27879191",
        "name": "Лебедине озеро",
        "nameUk": "Лебедине озеро",
        "nameEn": null,
        "water": "water",
        "leisure": null,
        "access": null,
        "source": "OpenStreetMap"
      }
    },
    {
      "type": "Feature",
      "geometry": {
        "type": "Point",
        "coordinates": [
          30.2537996,
          50.5439214
        ]
      },
      "properties": {
        "osmId": "way/27879975",
        "name": "Земснаряд",
        "nameUk": "Земснаряд",
        "nameEn": null,
        "water": "lake",
        "leisure": null,
        "access": null,
        "source": "OpenStreetMap"
      }
    },
    {
      "type": "Feature",
      "geometry": {
        "type": "Point",
        "coordinates": [
          30.256479,
          50.53967
        ]
      },
      "properties": {
        "osmId": "way/28196023",
        "name": "Кар'єр",
        "nameUk": "Кар'єр",
        "nameEn": null,
        "water": "lake",
        "leisure": null,
        "access": null,
        "source": "OpenStreetMap"
      }
    },
    {
      "type": "Feature",
      "geometry": {
        "type": "Point",
        "coordinates": [
          30.6619422,
          50.3953214
        ]
      },
      "properties": {
        "osmId": "way/28237004",
        "name": "Вирлиця",
        "nameUk": "Вирлиця",
        "nameEn": null,
        "water": "water",
        "leisure": null,
        "access": null,
        "source": "OpenStreetMap"
      }
    },
    {
      "type": "Feature",
      "geometry": {
        "type": "Point",
        "coordinates": [
          30.3191224,
          51.2443455
        ]
      },
      "properties": {
        "osmId": "way/29389624",
        "name": "Подпятица",
        "nameUk": "Подпятица",
        "nameEn": null,
        "water": "water",
        "leisure": null,
        "access": null,
        "source": "OpenStreetMap"
      }
    },
    {
      "type": "Feature",
      "geometry": {
        "type": "Point",
        "coordinates": [
          30.6195075,
          50.4121546
        ]
      },
      "properties": {
        "osmId": "way/29714412",
        "name": "Жандарка",
        "nameUk": "Жандарка",
        "nameEn": null,
        "water": "pond",
        "leisure": null,
        "access": null,
        "source": "OpenStreetMap"
      }
    },
    {
      "type": "Feature",
      "geometry": {
        "type": "Point",
        "coordinates": [
          30.5446969,
          50.6270739
        ]
      },
      "properties": {
        "osmId": "way/31146218",
        "name": "Нижний Глядин",
        "nameUk": "Нижній Глядин",
        "nameEn": null,
        "water": "lake",
        "leisure": null,
        "access": null,
        "source": "OpenStreetMap"
      }
    },
    {
      "type": "Feature",
      "geometry": {
        "type": "Point",
        "coordinates": [
          30.5425471,
          50.6383596
        ]
      },
      "properties": {
        "osmId": "way/31146226",
        "name": "Верхній Глядин",
        "nameUk": "Верхній Глядин",
        "nameEn": null,
        "water": "lake",
        "leisure": null,
        "access": null,
        "source": "OpenStreetMap"
      }
    },
    {
      "type": "Feature",
      "geometry": {
        "type": "Point",
        "coordinates": [
          30.4011381,
          50.5108815
        ]
      },
      "properties": {
        "osmId": "way/31165311",
        "name": "озеро Синє",
        "nameUk": "озеро Синє",
        "nameEn": "Synie Lake",
        "water": "lake",
        "leisure": null,
        "access": null,
        "source": "OpenStreetMap"
      }
    },
    {
      "type": "Feature",
      "geometry": {
        "type": "Point",
        "coordinates": [
          30.4721065,
          50.5223256
        ]
      },
      "properties": {
        "osmId": "way/31165527",
        "name": "Мінське",
        "nameUk": "Мінське",
        "nameEn": "Minske",
        "water": "lake",
        "leisure": null,
        "access": null,
        "source": "OpenStreetMap"
      }
    },
    {
      "type": "Feature",
      "geometry": {
        "type": "Point",
        "coordinates": [
          30.4274632,
          50.4768679
        ]
      },
      "properties": {
        "osmId": "way/31272341",
        "name": "Озеро Сирець",
        "nameUk": "Озеро Сирець",
        "nameEn": null,
        "water": "lake",
        "leisure": null,
        "access": null,
        "source": "OpenStreetMap"
      }
    },
    {
      "type": "Feature",
      "geometry": {
        "type": "Point",
        "coordinates": [
          30.4285301,
          50.47699
        ]
      },
      "properties": {
        "osmId": "way/31272351",
        "name": "Озеро Сирець",
        "nameUk": "Озеро Сирець",
        "nameEn": null,
        "water": "lake",
        "leisure": null,
        "access": null,
        "source": "OpenStreetMap"
      }
    },
    {
      "type": "Feature",
      "geometry": {
        "type": "Point",
        "coordinates": [
          30.8320777,
          50.3953899
        ]
      },
      "properties": {
        "osmId": "way/31273243",
        "name": "Чубинка",
        "nameUk": "Озерце",
        "nameEn": null,
        "water": "lake",
        "leisure": null,
        "access": null,
        "source": "OpenStreetMap"
      }
    },
    {
      "type": "Feature",
      "geometry": {
        "type": "Point",
        "coordinates": [
          30.674172,
          50.4633629
        ]
      },
      "properties": {
        "osmId": "way/31273511",
        "name": "Лісове",
        "nameUk": "Лісове",
        "nameEn": null,
        "water": "water",
        "leisure": null,
        "access": null,
        "source": "OpenStreetMap"
      }
    },
    {
      "type": "Feature",
      "geometry": {
        "type": "Point",
        "coordinates": [
          30.6532784,
          50.4636385
        ]
      },
      "properties": {
        "osmId": "way/31273530",
        "name": "Кругле",
        "nameUk": "Кругле",
        "nameEn": "Kruhle",
        "water": "lake",
        "leisure": null,
        "access": null,
        "source": "OpenStreetMap"
      }
    },
    {
      "type": "Feature",
      "geometry": {
        "type": "Point",
        "coordinates": [
          30.6625146,
          50.4493246
        ]
      },
      "properties": {
        "osmId": "way/31273546",
        "name": "Контейнерка",
        "nameUk": "Контейнерка",
        "nameEn": null,
        "water": "water",
        "leisure": null,
        "access": null,
        "source": "OpenStreetMap"
      }
    },
    {
      "type": "Feature",
      "geometry": {
        "type": "Point",
        "coordinates": [
          30.6648169,
          50.4468813
        ]
      },
      "properties": {
        "osmId": "way/31273568",
        "name": "Озеро Калдьобка",
        "nameUk": "Озеро Калдьобка",
        "nameEn": null,
        "water": "pond",
        "leisure": null,
        "access": null,
        "source": "OpenStreetMap"
      }
    },
    {
      "type": "Feature",
      "geometry": {
        "type": "Point",
        "coordinates": [
          30.4669643,
          50.6219517
        ]
      },
      "properties": {
        "osmId": "way/31293423",
        "name": "Ракове озеро",
        "nameUk": "Ракове озеро",
        "nameEn": null,
        "water": "water",
        "leisure": null,
        "access": null,
        "source": "OpenStreetMap"
      }
    },
    {
      "type": "Feature",
      "geometry": {
        "type": "Point",
        "coordinates": [
          30.5677069,
          50.4855705
        ]
      },
      "properties": {
        "osmId": "way/31352069",
        "name": "Дзеркалка",
        "nameUk": "Дзеркалка",
        "nameEn": null,
        "water": "lake",
        "leisure": null,
        "access": null,
        "source": "OpenStreetMap"
      }
    },
    {
      "type": "Feature",
      "geometry": {
        "type": "Point",
        "coordinates": [
          30.571759,
          50.4863637
        ]
      },
      "properties": {
        "osmId": "way/31352272",
        "name": "озеро Малинівка",
        "nameUk": "озеро Малинівка",
        "nameEn": null,
        "water": "water",
        "leisure": null,
        "access": null,
        "source": "OpenStreetMap"
      }
    },
    {
      "type": "Feature",
      "geometry": {
        "type": "Point",
        "coordinates": [
          30.4584688,
          50.4884332
        ]
      },
      "properties": {
        "osmId": "way/31623096",
        "name": "Куренівське кар'єрне озеро (Пінгвін)",
        "nameUk": "Куренівське кар'єрне озеро (Пінгвін)",
        "nameEn": null,
        "water": "lake",
        "leisure": null,
        "access": null,
        "source": "OpenStreetMap"
      }
    },
    {
      "type": "Feature",
      "geometry": {
        "type": "Point",
        "coordinates": [
          30.4125012,
          50.5082738
        ]
      },
      "properties": {
        "osmId": "way/31623265",
        "name": "Блакитне",
        "nameUk": "Блакитне",
        "nameEn": "Blakytne",
        "water": "lake",
        "leisure": null,
        "access": null,
        "source": "OpenStreetMap"
      }
    },
    {
      "type": "Feature",
      "geometry": {
        "type": "Point",
        "coordinates": [
          30.3157814,
          50.5635062
        ]
      },
      "properties": {
        "osmId": "way/31689181",
        "name": "Зариблена водойма",
        "nameUk": "Зариблена водойма",
        "nameEn": null,
        "water": "pond",
        "leisure": null,
        "access": null,
        "source": "OpenStreetMap"
      }
    },
    {
      "type": "Feature",
      "geometry": {
        "type": "Point",
        "coordinates": [
          30.4580145,
          50.3803651
        ]
      },
      "properties": {
        "osmId": "way/31727709",
        "name": "Ставок №1 р. Нивка",
        "nameUk": "Ставок №1 р. Нивка",
        "nameEn": null,
        "water": "pond",
        "leisure": null,
        "access": null,
        "source": "OpenStreetMap"
      }
    },
    {
      "type": "Feature",
      "geometry": {
        "type": "Point",
        "coordinates": [
          30.430561,
          50.303677
        ]
      },
      "properties": {
        "osmId": "way/32554665",
        "name": "Верхнє озеро",
        "nameUk": "Верхнє озеро",
        "nameEn": null,
        "water": "lake",
        "leisure": null,
        "access": null,
        "source": "OpenStreetMap"
      }
    },
    {
      "type": "Feature",
      "geometry": {
        "type": "Point",
        "coordinates": [
          30.4499639,
          50.299919
        ]
      },
      "properties": {
        "osmId": "way/32554690",
        "name": "Нижнє озеро",
        "nameUk": "Нижнє озеро",
        "nameEn": null,
        "water": "lake",
        "leisure": null,
        "access": null,
        "source": "OpenStreetMap"
      }
    },
    {
      "type": "Feature",
      "geometry": {
        "type": "Point",
        "coordinates": [
          30.6746088,
          50.4142946
        ]
      },
      "properties": {
        "osmId": "way/32870029",
        "name": "Велике",
        "nameUk": "Велике",
        "nameEn": null,
        "water": "lake",
        "leisure": null,
        "access": null,
        "source": "OpenStreetMap"
      }
    },
    {
      "type": "Feature",
      "geometry": {
        "type": "Point",
        "coordinates": [
          30.6243441,
          50.3981969
        ]
      },
      "properties": {
        "osmId": "way/34693970",
        "name": "Срібний Кіл",
        "nameUk": "Срібний Кіл",
        "nameEn": null,
        "water": "lake",
        "leisure": null,
        "access": null,
        "source": "OpenStreetMap"
      }
    },
    {
      "type": "Feature",
      "geometry": {
        "type": "Point",
        "coordinates": [
          30.6746587,
          50.4157543
        ]
      },
      "properties": {
        "osmId": "way/34798361",
        "name": "Рибальське",
        "nameUk": "Рибальське",
        "nameEn": null,
        "water": "lake",
        "leisure": null,
        "access": null,
        "source": "OpenStreetMap"
      }
    },
    {
      "type": "Feature",
      "geometry": {
        "type": "Point",
        "coordinates": [
          30.677625,
          50.4137123
        ]
      },
      "properties": {
        "osmId": "way/34798362",
        "name": "Блакитне",
        "nameUk": "Блакитне",
        "nameEn": null,
        "water": "lake",
        "leisure": null,
        "access": null,
        "source": "OpenStreetMap"
      }
    },
    {
      "type": "Feature",
      "geometry": {
        "type": "Point",
        "coordinates": [
          30.6248117,
          50.4222312
        ]
      },
      "properties": {
        "osmId": "way/34799898",
        "name": "Прірва",
        "nameUk": "Прірва",
        "nameEn": "Prirva Lake",
        "water": "lake",
        "leisure": null,
        "access": null,
        "source": "OpenStreetMap"
      }
    },
    {
      "type": "Feature",
      "geometry": {
        "type": "Point",
        "coordinates": [
          30.613794,
          50.4179836
        ]
      },
      "properties": {
        "osmId": "way/34799899",
        "name": "Корольок",
        "nameUk": "Корольок",
        "nameEn": null,
        "water": "pond",
        "leisure": null,
        "access": null,
        "source": "OpenStreetMap"
      }
    },
    {
      "type": "Feature",
      "geometry": {
        "type": "Point",
        "coordinates": [
          30.801492,
          50.5119712
        ]
      },
      "properties": {
        "osmId": "way/35786245",
        "name": "Качине озеро",
        "nameUk": "Качине озеро",
        "nameEn": null,
        "water": "lake",
        "leisure": null,
        "access": null,
        "source": "OpenStreetMap"
      }
    },
    {
      "type": "Feature",
      "geometry": {
        "type": "Point",
        "coordinates": [
          30.3879111,
          50.4121109
        ]
      },
      "properties": {
        "osmId": "way/37852082",
        "name": "Озеро Віра",
        "nameUk": "Озеро Віра",
        "nameEn": null,
        "water": "lake",
        "leisure": null,
        "access": null,
        "source": "OpenStreetMap"
      }
    },
    {
      "type": "Feature",
      "geometry": {
        "type": "Point",
        "coordinates": [
          30.7520047,
          50.5028011
        ]
      },
      "properties": {
        "osmId": "way/38154885",
        "name": "Біле озеро",
        "nameUk": "Біле озеро",
        "nameEn": "Bile",
        "water": "lake",
        "leisure": null,
        "access": null,
        "source": "OpenStreetMap"
      }
    },
    {
      "type": "Feature",
      "geometry": {
        "type": "Point",
        "coordinates": [
          30.504626,
          50.3886753
        ]
      },
      "properties": {
        "osmId": "way/41385317",
        "name": "Оріхуватьскі ставки",
        "nameUk": "Оріхуватьскі ставки",
        "nameEn": null,
        "water": "pond",
        "leisure": null,
        "access": null,
        "source": "OpenStreetMap"
      }
    },
    {
      "type": "Feature",
      "geometry": {
        "type": "Point",
        "coordinates": [
          30.4978019,
          50.387103
        ]
      },
      "properties": {
        "osmId": "way/41385318",
        "name": "Горіхуватські озера",
        "nameUk": "Горіхуватські озера",
        "nameEn": null,
        "water": "pond",
        "leisure": null,
        "access": null,
        "source": "OpenStreetMap"
      }
    },
    {
      "type": "Feature",
      "geometry": {
        "type": "Point",
        "coordinates": [
          30.4999853,
          50.3865862
        ]
      },
      "properties": {
        "osmId": "way/41385319",
        "name": "Горіхуватські озера",
        "nameUk": "Горіхуватські озера",
        "nameEn": null,
        "water": "pond",
        "leisure": null,
        "access": null,
        "source": "OpenStreetMap"
      }
    },
    {
      "type": "Feature",
      "geometry": {
        "type": "Point",
        "coordinates": [
          30.9407288,
          50.2369795
        ]
      },
      "properties": {
        "osmId": "way/41460604",
        "name": "озеро Степанків",
        "nameUk": "озеро Степанків",
        "nameEn": null,
        "water": "lake",
        "leisure": null,
        "access": null,
        "source": "OpenStreetMap"
      }
    },
    {
      "type": "Feature",
      "geometry": {
        "type": "Point",
        "coordinates": [
          30.8492831,
          50.3710012
        ]
      },
      "properties": {
        "osmId": "way/46875818",
        "name": "Жучкіне озеро",
        "nameUk": "Жучкіне озеро",
        "nameEn": null,
        "water": "lake",
        "leisure": null,
        "access": null,
        "source": "OpenStreetMap"
      }
    },
    {
      "type": "Feature",
      "geometry": {
        "type": "Point",
        "coordinates": [
          30.5745044,
          50.415574
        ]
      },
      "properties": {
        "osmId": "way/46924642",
        "name": "Видубицьке озеро",
        "nameUk": "Видубицьке озеро",
        "nameEn": "Vidubicke lake",
        "water": "lake",
        "leisure": null,
        "access": null,
        "source": "OpenStreetMap"
      }
    },
    {
      "type": "Feature",
      "geometry": {
        "type": "Point",
        "coordinates": [
          30.1658509,
          49.914919
        ]
      },
      "properties": {
        "osmId": "way/53206592",
        "name": "Гопаца",
        "nameUk": "Гопаца",
        "nameEn": null,
        "water": "water",
        "leisure": null,
        "access": null,
        "source": "OpenStreetMap"
      }
    },
    {
      "type": "Feature",
      "geometry": {
        "type": "Point",
        "coordinates": [
          31.914983,
          50.9574578
        ]
      },
      "properties": {
        "osmId": "way/54625623",
        "name": "Крюківка",
        "nameUk": "Крюківка",
        "nameEn": null,
        "water": "water",
        "leisure": null,
        "access": null,
        "source": "OpenStreetMap"
      }
    },
    {
      "type": "Feature",
      "geometry": {
        "type": "Point",
        "coordinates": [
          30.6906491,
          50.3704254
        ]
      },
      "properties": {
        "osmId": "way/56684319",
        "name": "Заплавне",
        "nameUk": "Заплавне",
        "nameEn": "Zaplavne",
        "water": "lake",
        "leisure": null,
        "access": null,
        "source": "OpenStreetMap"
      }
    },
    {
      "type": "Feature",
      "geometry": {
        "type": "Point",
        "coordinates": [
          30.7013444,
          50.3571558
        ]
      },
      "properties": {
        "osmId": "way/59151539",
        "name": "Вітовець",
        "nameUk": "Вітовець",
        "nameEn": "Vitovets",
        "water": "lake",
        "leisure": null,
        "access": null,
        "source": "OpenStreetMap"
      }
    },
    {
      "type": "Feature",
      "geometry": {
        "type": "Point",
        "coordinates": [
          30.3404222,
          50.4596788
        ]
      },
      "properties": {
        "osmId": "way/59960433",
        "name": "Білка",
        "nameUk": "Білка",
        "nameEn": null,
        "water": "lake",
        "leisure": null,
        "access": null,
        "source": "OpenStreetMap"
      }
    },
    {
      "type": "Feature",
      "geometry": {
        "type": "Point",
        "coordinates": [
          31.2721795,
          51.5291521
        ]
      },
      "properties": {
        "osmId": "way/60789157",
        "name": "Копанка",
        "nameUk": "Копанка",
        "nameEn": null,
        "water": "water",
        "leisure": null,
        "access": null,
        "source": "OpenStreetMap"
      }
    },
    {
      "type": "Feature",
      "geometry": {
        "type": "Point",
        "coordinates": [
          32.1453642,
          49.9607511
        ]
      },
      "properties": {
        "osmId": "way/61360456",
        "name": "Базарський ставок",
        "nameUk": "Базарський ставок",
        "nameEn": null,
        "water": "water",
        "leisure": null,
        "access": null,
        "source": "OpenStreetMap"
      }
    },
    {
      "type": "Feature",
      "geometry": {
        "type": "Point",
        "coordinates": [
          30.3026212,
          50.5643549
        ]
      },
      "properties": {
        "osmId": "way/62191196",
        "name": "Блакитне озеро/Карʼєр",
        "nameUk": "Блакитне озеро/Карʼєр",
        "nameEn": "Quarry",
        "water": "pond",
        "leisure": null,
        "access": null,
        "source": "OpenStreetMap"
      }
    },
    {
      "type": "Feature",
      "geometry": {
        "type": "Point",
        "coordinates": [
          30.3498361,
          50.5539163
        ]
      },
      "properties": {
        "osmId": "way/62191226",
        "name": "Сапсаїв",
        "nameUk": "Сапсаїв",
        "nameEn": null,
        "water": "water",
        "leisure": null,
        "access": null,
        "source": "OpenStreetMap"
      }
    },
    {
      "type": "Feature",
      "geometry": {
        "type": "Point",
        "coordinates": [
          30.3224077,
          50.5584348
        ]
      },
      "properties": {
        "osmId": "way/62191250",
        "name": "Двокамʼянка",
        "nameUk": "Двокамʼянка",
        "nameEn": null,
        "water": "pond",
        "leisure": null,
        "access": null,
        "source": "OpenStreetMap"
      }
    },
    {
      "type": "Feature",
      "geometry": {
        "type": "Point",
        "coordinates": [
          31.0486837,
          50.2338094
        ]
      },
      "properties": {
        "osmId": "way/62681909",
        "name": "Біле озеро",
        "nameUk": "Біле озеро",
        "nameEn": null,
        "water": "pond",
        "leisure": null,
        "access": null,
        "source": "OpenStreetMap"
      }
    },
    {
      "type": "Feature",
      "geometry": {
        "type": "Point",
        "coordinates": [
          30.1088755,
          50.4708884
        ]
      },
      "properties": {
        "osmId": "way/64651296",
        "name": "Бучанське водосховище",
        "nameUk": "Бучанське водосховище",
        "nameEn": "Bucha Reservoir",
        "water": "reservoir",
        "leisure": null,
        "access": null,
        "source": "OpenStreetMap"
      }
    },
    {
      "type": "Feature",
      "geometry": {
        "type": "Point",
        "coordinates": [
          30.1913122,
          50.5289683
        ]
      },
      "properties": {
        "osmId": "way/64651382",
        "name": "озеро Бурʼєр (Бучанський карʼєр)",
        "nameUk": "озеро Бурʼєр (Бучанський карʼєр)",
        "nameEn": null,
        "water": "pond",
        "leisure": null,
        "access": null,
        "source": "OpenStreetMap"
      }
    },
    {
      "type": "Feature",
      "geometry": {
        "type": "Point",
        "coordinates": [
          30.5640652,
          50.3812729
        ]
      },
      "properties": {
        "osmId": "way/66363779",
        "name": "Теплий канал",
        "nameUk": "Теплий канал",
        "nameEn": null,
        "water": "canal",
        "leisure": null,
        "access": null,
        "source": "OpenStreetMap"
      }
    },
    {
      "type": "Feature",
      "geometry": {
        "type": "Point",
        "coordinates": [
          30.5621822,
          50.3744469
        ]
      },
      "properties": {
        "osmId": "way/66363791",
        "name": "Єрик",
        "nameUk": "Єрик",
        "nameEn": null,
        "water": "water",
        "leisure": null,
        "access": null,
        "source": "OpenStreetMap"
      }
    },
    {
      "type": "Feature",
      "geometry": {
        "type": "Point",
        "coordinates": [
          30.5718904,
          50.3755879
        ]
      },
      "properties": {
        "osmId": "way/66363801",
        "name": "Білі Камені",
        "nameUk": "Білі Камені",
        "nameEn": null,
        "water": "water",
        "leisure": null,
        "access": null,
        "source": "OpenStreetMap"
      }
    },
    {
      "type": "Feature",
      "geometry": {
        "type": "Point",
        "coordinates": [
          30.6069971,
          50.3854832
        ]
      },
      "properties": {
        "osmId": "way/67218745",
        "name": "Яремине",
        "nameUk": "Яремине",
        "nameEn": "Yaremine",
        "water": "lake",
        "leisure": null,
        "access": null,
        "source": "OpenStreetMap"
      }
    },
    {
      "type": "Feature",
      "geometry": {
        "type": "Point",
        "coordinates": [
          30.6119993,
          50.3886184
        ]
      },
      "properties": {
        "osmId": "way/67218852",
        "name": "Зариваха",
        "nameUk": "Зариваха",
        "nameEn": "Zaryvakha",
        "water": "lake",
        "leisure": null,
        "access": null,
        "source": "OpenStreetMap"
      }
    },
    {
      "type": "Feature",
      "geometry": {
        "type": "Point",
        "coordinates": [
          30.61343,
          50.373998
        ]
      },
      "properties": {
        "osmId": "way/67218878",
        "name": "Піскун",
        "nameUk": "Піскун",
        "nameEn": null,
        "water": "lake",
        "leisure": null,
        "access": null,
        "source": "OpenStreetMap"
      }
    },
    {
      "type": "Feature",
      "geometry": {
        "type": "Point",
        "coordinates": [
          30.9138206,
          50.2663082
        ]
      },
      "properties": {
        "osmId": "way/67334722",
        "name": "озеро Ревне",
        "nameUk": "озеро Ревне",
        "nameEn": null,
        "water": "lake",
        "leisure": null,
        "access": null,
        "source": "OpenStreetMap"
      }
    },
    {
      "type": "Feature",
      "geometry": {
        "type": "Point",
        "coordinates": [
          30.1241281,
          50.5801881
        ]
      },
      "properties": {
        "osmId": "way/73068557",
        "name": "2-ге Технікумівське озеро",
        "nameUk": "2-ге Технікумівське озеро",
        "nameEn": null,
        "water": "lake",
        "leisure": null,
        "access": null,
        "source": "OpenStreetMap"
      }
    },
    {
      "type": "Feature",
      "geometry": {
        "type": "Point",
        "coordinates": [
          30.0997052,
          50.5781444
        ]
      },
      "properties": {
        "osmId": "way/73068580",
        "name": "Заводське озеро",
        "nameUk": "Заводське озеро",
        "nameEn": null,
        "water": "lake",
        "leisure": null,
        "access": null,
        "source": "OpenStreetMap"
      }
    },
    {
      "type": "Feature",
      "geometry": {
        "type": "Point",
        "coordinates": [
          30.109543,
          50.5789453
        ]
      },
      "properties": {
        "osmId": "way/73068581",
        "name": "1-ше Технікумівське озеро",
        "nameUk": "1-ше Технікумівське озеро",
        "nameEn": null,
        "water": "lake",
        "leisure": null,
        "access": null,
        "source": "OpenStreetMap"
      }
    },
    {
      "type": "Feature",
      "geometry": {
        "type": "Point",
        "coordinates": [
          30.0919928,
          50.5750105
        ]
      },
      "properties": {
        "osmId": "way/73068586",
        "name": "Технікумівське озеро",
        "nameUk": "Технікумівське озеро",
        "nameEn": null,
        "water": "water",
        "leisure": null,
        "access": null,
        "source": "OpenStreetMap"
      }
    },
    {
      "type": "Feature",
      "geometry": {
        "type": "Point",
        "coordinates": [
          31.4382785,
          49.8652555
        ]
      },
      "properties": {
        "osmId": "way/79885042",
        "name": "Бучак озеро",
        "nameUk": "Бучак озеро",
        "nameEn": null,
        "water": "water",
        "leisure": null,
        "access": null,
        "source": "OpenStreetMap"
      }
    },
    {
      "type": "Feature",
      "geometry": {
        "type": "Point",
        "coordinates": [
          30.5562938,
          50.2608994
        ]
      },
      "properties": {
        "osmId": "way/80525790",
        "name": "Олімпійське озеро",
        "nameUk": "Олімпійське озеро",
        "nameEn": null,
        "water": "lake",
        "leisure": null,
        "access": null,
        "source": "OpenStreetMap"
      }
    },
    {
      "type": "Feature",
      "geometry": {
        "type": "Point",
        "coordinates": [
          30.683831,
          50.325772
        ]
      },
      "properties": {
        "osmId": "way/80525791",
        "name": "озеро Ревочі",
        "nameUk": "озеро Ревочі",
        "nameEn": null,
        "water": "pond",
        "leisure": null,
        "access": null,
        "source": "OpenStreetMap"
      }
    },
    {
      "type": "Feature",
      "geometry": {
        "type": "Point",
        "coordinates": [
          30.5625767,
          50.2505058
        ]
      },
      "properties": {
        "osmId": "way/80525795",
        "name": "Блакитне",
        "nameUk": "Блакитне",
        "nameEn": "Blue",
        "water": "water",
        "leisure": null,
        "access": null,
        "source": "OpenStreetMap"
      }
    },
    {
      "type": "Feature",
      "geometry": {
        "type": "Point",
        "coordinates": [
          30.3007714,
          50.1071255
        ]
      },
      "properties": {
        "osmId": "way/80526145",
        "name": "Заощенок",
        "nameUk": "Заощенок",
        "nameEn": null,
        "water": "pond",
        "leisure": null,
        "access": null,
        "source": "OpenStreetMap"
      }
    },
    {
      "type": "Feature",
      "geometry": {
        "type": "Point",
        "coordinates": [
          30.4190988,
          50.5680476
        ]
      },
      "properties": {
        "osmId": "way/84759637",
        "name": "Синяк",
        "nameUk": "Синяк",
        "nameEn": null,
        "water": "pond",
        "leisure": null,
        "access": null,
        "source": "OpenStreetMap"
      }
    },
    {
      "type": "Feature",
      "geometry": {
        "type": "Point",
        "coordinates": [
          31.2896358,
          51.4717397
        ]
      },
      "properties": {
        "osmId": "way/95208469",
        "name": "Лісковицьке",
        "nameUk": "Лісковицьке",
        "nameEn": null,
        "water": "water",
        "leisure": null,
        "access": null,
        "source": "OpenStreetMap"
      }
    },
    {
      "type": "Feature",
      "geometry": {
        "type": "Point",
        "coordinates": [
          30.5455041,
          50.4780259
        ]
      },
      "properties": {
        "osmId": "way/95218512",
        "name": "Жабʼяче озеро",
        "nameUk": "Жабʼяче озеро",
        "nameEn": null,
        "water": "lake",
        "leisure": null,
        "access": null,
        "source": "OpenStreetMap"
      }
    },
    {
      "type": "Feature",
      "geometry": {
        "type": "Point",
        "coordinates": [
          30.5461312,
          50.4735207
        ]
      },
      "properties": {
        "osmId": "way/95218513",
        "name": "Прибабине озеро",
        "nameUk": "Прибабине озеро",
        "nameEn": null,
        "water": "lake",
        "leisure": null,
        "access": null,
        "source": "OpenStreetMap"
      }
    },
    {
      "type": "Feature",
      "geometry": {
        "type": "Point",
        "coordinates": [
          30.5409039,
          50.4713453
        ]
      },
      "properties": {
        "osmId": "way/95218515",
        "name": "Бічне озеро",
        "nameUk": "Бічне озеро",
        "nameEn": null,
        "water": "lake",
        "leisure": null,
        "access": null,
        "source": "OpenStreetMap"
      }
    },
    {
      "type": "Feature",
      "geometry": {
        "type": "Point",
        "coordinates": [
          30.545391,
          50.4761798
        ]
      },
      "properties": {
        "osmId": "way/95218516",
        "name": "Глибоке озеро",
        "nameUk": "Глибоке озеро",
        "nameEn": null,
        "water": "lake",
        "leisure": null,
        "access": null,
        "source": "OpenStreetMap"
      }
    },
    {
      "type": "Feature",
      "geometry": {
        "type": "Point",
        "coordinates": [
          30.5428867,
          50.4741504
        ]
      },
      "properties": {
        "osmId": "way/95218521",
        "name": "Синє озеро",
        "nameUk": "Синє озеро",
        "nameEn": null,
        "water": "lake",
        "leisure": null,
        "access": null,
        "source": "OpenStreetMap"
      }
    },
    {
      "type": "Feature",
      "geometry": {
        "type": "Point",
        "coordinates": [
          30.8752671,
          50.3936624
        ]
      },
      "properties": {
        "osmId": "way/95385047",
        "name": "Сажалка",
        "nameUk": "Сажалка",
        "nameEn": null,
        "water": "pond",
        "leisure": null,
        "access": null,
        "source": "OpenStreetMap"
      }
    },
    {
      "type": "Feature",
      "geometry": {
        "type": "Point",
        "coordinates": [
          30.6648569,
          50.3109181
        ]
      },
      "properties": {
        "osmId": "way/98892816",
        "name": "Дренажний канал",
        "nameUk": "Дренажний канал",
        "nameEn": null,
        "water": "water",
        "leisure": null,
        "access": null,
        "source": "OpenStreetMap"
      }
    },
    {
      "type": "Feature",
      "geometry": {
        "type": "Point",
        "coordinates": [
          30.678567,
          50.2993159
        ]
      },
      "properties": {
        "osmId": "way/98893160",
        "name": "Кальнухи",
        "nameUk": "Кальнухи",
        "nameEn": null,
        "water": "water",
        "leisure": null,
        "access": null,
        "source": "OpenStreetMap"
      }
    },
    {
      "type": "Feature",
      "geometry": {
        "type": "Point",
        "coordinates": [
          30.7204037,
          50.2725867
        ]
      },
      "properties": {
        "osmId": "way/98893916",
        "name": "Золоче",
        "nameUk": "Золоче",
        "nameEn": null,
        "water": "lake",
        "leisure": null,
        "access": null,
        "source": "OpenStreetMap"
      }
    },
    {
      "type": "Feature",
      "geometry": {
        "type": "Point",
        "coordinates": [
          30.3296462,
          50.274512
        ]
      },
      "properties": {
        "osmId": "way/99218675",
        "name": "Глеваський ставок",
        "nameUk": "Глеваський ставок",
        "nameEn": null,
        "water": "water",
        "leisure": null,
        "access": null,
        "source": "OpenStreetMap"
      }
    },
    {
      "type": "Feature",
      "geometry": {
        "type": "Point",
        "coordinates": [
          30.3012111,
          50.3110898
        ]
      },
      "properties": {
        "osmId": "way/99218701",
        "name": "Човновий став",
        "nameUk": "Човновий став",
        "nameEn": null,
        "water": "water",
        "leisure": null,
        "access": null,
        "source": "OpenStreetMap"
      }
    },
    {
      "type": "Feature",
      "geometry": {
        "type": "Point",
        "coordinates": [
          30.3308506,
          50.2726974
        ]
      },
      "properties": {
        "osmId": "way/99218708",
        "name": "Глеваський ставок",
        "nameUk": "Глеваський ставок",
        "nameEn": null,
        "water": "water",
        "leisure": null,
        "access": null,
        "source": "OpenStreetMap"
      }
    },
    {
      "type": "Feature",
      "geometry": {
        "type": "Point",
        "coordinates": [
          30.30524,
          50.3093418
        ]
      },
      "properties": {
        "osmId": "way/99218713",
        "name": "Церковний став",
        "nameUk": "Церковний став",
        "nameEn": null,
        "water": "water",
        "leisure": null,
        "access": null,
        "source": "OpenStreetMap"
      }
    },
    {
      "type": "Feature",
      "geometry": {
        "type": "Point",
        "coordinates": [
          30.6021172,
          50.4189517
        ]
      },
      "properties": {
        "osmId": "way/99371659",
        "name": "Нижній Тельбін",
        "nameUk": "Нижній Тельбін",
        "nameEn": null,
        "water": "lake",
        "leisure": null,
        "access": null,
        "source": "OpenStreetMap"
      }
    },
    {
      "type": "Feature",
      "geometry": {
        "type": "Point",
        "coordinates": [
          30.4647484,
          50.6238447
        ]
      },
      "properties": {
        "osmId": "way/100994422",
        "name": "Мочар",
        "nameUk": "Мочар",
        "nameEn": null,
        "water": "water",
        "leisure": null,
        "access": null,
        "source": "OpenStreetMap"
      }
    },
    {
      "type": "Feature",
      "geometry": {
        "type": "Point",
        "coordinates": [
          30.2364618,
          50.7275062
        ]
      },
      "properties": {
        "osmId": "way/101008262",
        "name": "Литвинівський став",
        "nameUk": "Литвинівський став",
        "nameEn": null,
        "water": "water",
        "leisure": null,
        "access": null,
        "source": "OpenStreetMap"
      }
    },
    {
      "type": "Feature",
      "geometry": {
        "type": "Point",
        "coordinates": [
          30.5204032,
          50.3793497
        ]
      },
      "properties": {
        "osmId": "way/101817079",
        "name": "Нижній Голосіївський ставок",
        "nameUk": "Нижній Голосіївський ставок",
        "nameEn": null,
        "water": "pond",
        "leisure": null,
        "access": null,
        "source": "OpenStreetMap"
      }
    },
    {
      "type": "Feature",
      "geometry": {
        "type": "Point",
        "coordinates": [
          30.5138508,
          50.3781907
        ]
      },
      "properties": {
        "osmId": "way/101817088",
        "name": "Верхній Голосіївський ставок",
        "nameUk": "Верхній Голосіївський ставок",
        "nameEn": null,
        "water": "pond",
        "leisure": null,
        "access": null,
        "source": "OpenStreetMap"
      }
    },
    {
      "type": "Feature",
      "geometry": {
        "type": "Point",
        "coordinates": [
          30.5165102,
          50.3794642
        ]
      },
      "properties": {
        "osmId": "way/101817095",
        "name": "Середній Голосіївський ставок",
        "nameUk": "Середній Голосіївський ставок",
        "nameEn": null,
        "water": "pond",
        "leisure": null,
        "access": null,
        "source": "OpenStreetMap"
      }
    },
    {
      "type": "Feature",
      "geometry": {
        "type": "Point",
        "coordinates": [
          31.7773693,
          50.2488027
        ]
      },
      "properties": {
        "osmId": "way/104027922",
        "name": "Заводський став",
        "nameUk": "Заводський став",
        "nameEn": null,
        "water": "water",
        "leisure": null,
        "access": null,
        "source": "OpenStreetMap"
      }
    },
    {
      "type": "Feature",
      "geometry": {
        "type": "Point",
        "coordinates": [
          31.7410907,
          50.2953045
        ]
      },
      "properties": {
        "osmId": "way/104027926",
        "name": "Малий Супій-1",
        "nameUk": "Малий Супій-1",
        "nameEn": "Small Supiy-1",
        "water": "water",
        "leisure": null,
        "access": null,
        "source": "OpenStreetMap"
      }
    },
    {
      "type": "Feature",
      "geometry": {
        "type": "Point",
        "coordinates": [
          31.7425796,
          50.3207771
        ]
      },
      "properties": {
        "osmId": "way/104027927",
        "name": "Малий Супій-2",
        "nameUk": "Малий Супій-2",
        "nameEn": "Small Supiy-2",
        "water": "water",
        "leisure": null,
        "access": null,
        "source": "OpenStreetMap"
      }
    },
    {
      "type": "Feature",
      "geometry": {
        "type": "Point",
        "coordinates": [
          31.7402332,
          50.2590919
        ]
      },
      "properties": {
        "osmId": "way/104028016",
        "name": "Супій",
        "nameUk": "Супій",
        "nameEn": "Supiy",
        "water": "water",
        "leisure": null,
        "access": null,
        "source": "OpenStreetMap"
      }
    },
    {
      "type": "Feature",
      "geometry": {
        "type": "Point",
        "coordinates": [
          30.9303406,
          50.3712716
        ]
      },
      "properties": {
        "osmId": "way/104438636",
        "name": "Княжицьке озеро",
        "nameUk": "Княжицьке озеро",
        "nameEn": null,
        "water": "lake",
        "leisure": null,
        "access": null,
        "source": "OpenStreetMap"
      }
    },
    {
      "type": "Feature",
      "geometry": {
        "type": "Point",
        "coordinates": [
          30.0508296,
          50.7492785
        ]
      },
      "properties": {
        "osmId": "way/104718741",
        "name": "Здвиж",
        "nameUk": "Здвиж",
        "nameEn": null,
        "water": "river",
        "leisure": null,
        "access": null,
        "source": "OpenStreetMap"
      }
    },
    {
      "type": "Feature",
      "geometry": {
        "type": "Point",
        "coordinates": [
          31.2432402,
          51.4691935
        ]
      },
      "properties": {
        "osmId": "way/105924126",
        "name": "Пожежний ставок",
        "nameUk": "Пожежний ставок",
        "nameEn": null,
        "water": "pond",
        "leisure": null,
        "access": null,
        "source": "OpenStreetMap"
      }
    },
    {
      "type": "Feature",
      "geometry": {
        "type": "Point",
        "coordinates": [
          30.1537323,
          50.1834873
        ]
      },
      "properties": {
        "osmId": "way/106091498",
        "name": "1",
        "nameUk": "1",
        "nameEn": null,
        "water": "water",
        "leisure": null,
        "access": null,
        "source": "OpenStreetMap"
      }
    },
    {
      "type": "Feature",
      "geometry": {
        "type": "Point",
        "coordinates": [
          30.1629702,
          50.1827609
        ]
      },
      "properties": {
        "osmId": "way/106091500",
        "name": "3",
        "nameUk": "3",
        "nameEn": null,
        "water": "water",
        "leisure": null,
        "access": null,
        "source": "OpenStreetMap"
      }
    },
    {
      "type": "Feature",
      "geometry": {
        "type": "Point",
        "coordinates": [
          30.157193,
          50.1827908
        ]
      },
      "properties": {
        "osmId": "way/106091512",
        "name": "2",
        "nameUk": "2",
        "nameEn": null,
        "water": "water",
        "leisure": null,
        "access": null,
        "source": "OpenStreetMap"
      }
    },
    {
      "type": "Feature",
      "geometry": {
        "type": "Point",
        "coordinates": [
          30.161132,
          50.1777979
        ]
      },
      "properties": {
        "osmId": "way/106102168",
        "name": "Щирбаківський ставок",
        "nameUk": "Щирбаківський ставок",
        "nameEn": null,
        "water": "water",
        "leisure": null,
        "access": null,
        "source": "OpenStreetMap"
      }
    },
    {
      "type": "Feature",
      "geometry": {
        "type": "Point",
        "coordinates": [
          30.1859701,
          50.1829584
        ]
      },
      "properties": {
        "osmId": "way/106426872",
        "name": "6",
        "nameUk": "6",
        "nameEn": null,
        "water": "water",
        "leisure": null,
        "access": null,
        "source": "OpenStreetMap"
      }
    },
    {
      "type": "Feature",
      "geometry": {
        "type": "Point",
        "coordinates": [
          30.1708665,
          50.1837338
        ]
      },
      "properties": {
        "osmId": "way/106426874",
        "name": "4",
        "nameUk": "4",
        "nameEn": null,
        "water": "water",
        "leisure": null,
        "access": null,
        "source": "OpenStreetMap"
      }
    },
    {
      "type": "Feature",
      "geometry": {
        "type": "Point",
        "coordinates": [
          30.189402,
          50.1807941
        ]
      },
      "properties": {
        "osmId": "way/106426878",
        "name": "7",
        "nameUk": "7",
        "nameEn": null,
        "water": "water",
        "leisure": null,
        "access": null,
        "source": "OpenStreetMap"
      }
    },
    {
      "type": "Feature",
      "geometry": {
        "type": "Point",
        "coordinates": [
          30.1788488,
          50.1831998
        ]
      },
      "properties": {
        "osmId": "way/106426881",
        "name": "5",
        "nameUk": "5",
        "nameEn": null,
        "water": "water",
        "leisure": null,
        "access": null,
        "source": "OpenStreetMap"
      }
    },
    {
      "type": "Feature",
      "geometry": {
        "type": "Point",
        "coordinates": [
          30.1104676,
          50.1661273
        ]
      },
      "properties": {
        "osmId": "way/107224644",
        "name": "Комбінат",
        "nameUk": "Комбінат",
        "nameEn": null,
        "water": "river",
        "leisure": null,
        "access": null,
        "source": "OpenStreetMap"
      }
    },
    {
      "type": "Feature",
      "geometry": {
        "type": "Point",
        "coordinates": [
          30.7502103,
          50.4799588
        ]
      },
      "properties": {
        "osmId": "way/107289736",
        "name": "Орловище",
        "nameUk": "Орловище",
        "nameEn": null,
        "water": "lake",
        "leisure": null,
        "access": null,
        "source": "OpenStreetMap"
      }
    },
    {
      "type": "Feature",
      "geometry": {
        "type": "Point",
        "coordinates": [
          31.3135249,
          51.4653354
        ]
      },
      "properties": {
        "osmId": "way/107298839",
        "name": "Гребний канал",
        "nameUk": "Гребний канал",
        "nameEn": null,
        "water": "water",
        "leisure": null,
        "access": null,
        "source": "OpenStreetMap"
      }
    },
    {
      "type": "Feature",
      "geometry": {
        "type": "Point",
        "coordinates": [
          31.2656003,
          51.5233983
        ]
      },
      "properties": {
        "osmId": "way/107339104",
        "name": "Глинка",
        "nameUk": "Глинка",
        "nameEn": null,
        "water": "lake",
        "leisure": null,
        "access": null,
        "source": "OpenStreetMap"
      }
    },
    {
      "type": "Feature",
      "geometry": {
        "type": "Point",
        "coordinates": [
          30.2189229,
          50.544569
        ]
      },
      "properties": {
        "osmId": "way/107625562",
        "name": "Маслюк",
        "nameUk": "Маслюк",
        "nameEn": null,
        "water": "lake",
        "leisure": null,
        "access": null,
        "source": "OpenStreetMap"
      }
    },
    {
      "type": "Feature",
      "geometry": {
        "type": "Point",
        "coordinates": [
          30.5653889,
          50.4756315
        ]
      },
      "properties": {
        "osmId": "way/107720591",
        "name": "Русанівське озеро",
        "nameUk": "Русанівське озеро",
        "nameEn": null,
        "water": "lake",
        "leisure": null,
        "access": null,
        "source": "OpenStreetMap"
      }
    },
    {
      "type": "Feature",
      "geometry": {
        "type": "Point",
        "coordinates": [
          31.5625918,
          49.8491315
        ]
      },
      "properties": {
        "osmId": "way/108632390",
        "name": "Канівське озеро",
        "nameUk": "Канівське озеро",
        "nameEn": null,
        "water": "lake",
        "leisure": null,
        "access": null,
        "source": "OpenStreetMap"
      }
    },
    {
      "type": "Feature",
      "geometry": {
        "type": "Point",
        "coordinates": [
          31.5862002,
          49.9207008
        ]
      },
      "properties": {
        "osmId": "way/108632406",
        "name": "Біле озеро",
        "nameUk": "Біле озеро",
        "nameEn": null,
        "water": "lake",
        "leisure": null,
        "access": null,
        "source": "OpenStreetMap"
      }
    },
    {
      "type": "Feature",
      "geometry": {
        "type": "Point",
        "coordinates": [
          30.134656,
          50.1848375
        ]
      },
      "properties": {
        "osmId": "way/108970108",
        "name": "озеро Кайзер",
        "nameUk": "озеро Кайзер",
        "nameEn": null,
        "water": "lake",
        "leisure": null,
        "access": null,
        "source": "OpenStreetMap"
      }
    },
    {
      "type": "Feature",
      "geometry": {
        "type": "Point",
        "coordinates": [
          30.7672492,
          50.5141292
        ]
      },
      "properties": {
        "osmId": "way/109115103",
        "name": "Лісове озеро",
        "nameUk": "Лісове озеро",
        "nameEn": null,
        "water": "озеро",
        "leisure": null,
        "access": null,
        "source": "OpenStreetMap"
      }
    },
    {
      "type": "Feature",
      "geometry": {
        "type": "Point",
        "coordinates": [
          30.4544302,
          50.3834674
        ]
      },
      "properties": {
        "osmId": "way/109407138",
        "name": "Ставок №3 р.Нивка",
        "nameUk": "Ставок №3 р.Нивка",
        "nameEn": null,
        "water": "pond",
        "leisure": null,
        "access": null,
        "source": "OpenStreetMap"
      }
    },
    {
      "type": "Feature",
      "geometry": {
        "type": "Point",
        "coordinates": [
          30.9487112,
          50.2578347
        ]
      },
      "properties": {
        "osmId": "way/110368504",
        "name": "Селище",
        "nameUk": "Селище",
        "nameEn": null,
        "water": "pond",
        "leisure": null,
        "access": null,
        "source": "OpenStreetMap"
      }
    },
    {
      "type": "Feature",
      "geometry": {
        "type": "Point",
        "coordinates": [
          30.0754148,
          50.1493862
        ]
      },
      "properties": {
        "osmId": "way/110995948",
        "name": "Стугна",
        "nameUk": "Стугна",
        "nameEn": "Stuhna",
        "water": "water",
        "leisure": null,
        "access": null,
        "source": "OpenStreetMap"
      }
    },
    {
      "type": "Feature",
      "geometry": {
        "type": "Point",
        "coordinates": [
          31.7945067,
          50.2547357
        ]
      },
      "properties": {
        "osmId": "way/111818538",
        "name": "Іржавець",
        "nameUk": "Іржавець",
        "nameEn": "Irzhavets",
        "water": "water",
        "leisure": null,
        "access": null,
        "source": "OpenStreetMap"
      }
    },
    {
      "type": "Feature",
      "geometry": {
        "type": "Point",
        "coordinates": [
          30.5323334,
          50.3230066
        ]
      },
      "properties": {
        "osmId": "way/111986713",
        "name": "Верхній ставок",
        "nameUk": "Верхній ставок",
        "nameEn": null,
        "water": "reservoir",
        "leisure": null,
        "access": null,
        "source": "OpenStreetMap"
      }
    },
    {
      "type": "Feature",
      "geometry": {
        "type": "Point",
        "coordinates": [
          30.5338568,
          50.3222909
        ]
      },
      "properties": {
        "osmId": "way/111986714",
        "name": "Середній ставок",
        "nameUk": "Середній ставок",
        "nameEn": null,
        "water": "reservoir",
        "leisure": null,
        "access": null,
        "source": "OpenStreetMap"
      }
    },
    {
      "type": "Feature",
      "geometry": {
        "type": "Point",
        "coordinates": [
          30.534908,
          50.3206451
        ]
      },
      "properties": {
        "osmId": "way/111986715",
        "name": "Нижній ставок",
        "nameUk": "Нижній ставок",
        "nameEn": null,
        "water": "reservoir",
        "leisure": null,
        "access": null,
        "source": "OpenStreetMap"
      }
    },
    {
      "type": "Feature",
      "geometry": {
        "type": "Point",
        "coordinates": [
          30.8423158,
          51.4454913
        ]
      },
      "properties": {
        "osmId": "way/113751042",
        "name": "Пакулька",
        "nameUk": "Пакулька",
        "nameEn": null,
        "water": "water",
        "leisure": null,
        "access": null,
        "source": "OpenStreetMap"
      }
    },
    {
      "type": "Feature",
      "geometry": {
        "type": "Point",
        "coordinates": [
          30.8258194,
          51.4209819
        ]
      },
      "properties": {
        "osmId": "way/113751043",
        "name": "Пакулька",
        "nameUk": "Пакулька",
        "nameEn": null,
        "water": "lake",
        "leisure": null,
        "access": null,
        "source": "OpenStreetMap"
      }
    },
    {
      "type": "Feature",
      "geometry": {
        "type": "Point",
        "coordinates": [
          31.2889907,
          51.4640092
        ]
      },
      "properties": {
        "osmId": "way/113753671",
        "name": "Святе озеро",
        "nameUk": "Святе озеро",
        "nameEn": null,
        "water": "lake",
        "leisure": null,
        "access": null,
        "source": "OpenStreetMap"
      }
    },
    {
      "type": "Feature",
      "geometry": {
        "type": "Point",
        "coordinates": [
          31.2904068,
          51.456655
        ]
      },
      "properties": {
        "osmId": "way/113753676",
        "name": "Прикол",
        "nameUk": "Прикол",
        "nameEn": null,
        "water": "lake",
        "leisure": null,
        "access": null,
        "source": "OpenStreetMap"
      }
    },
    {
      "type": "Feature",
      "geometry": {
        "type": "Point",
        "coordinates": [
          31.265003,
          51.4364428
        ]
      },
      "properties": {
        "osmId": "way/113753679",
        "name": "ПрАТ «Чернігіврибгосп»",
        "nameUk": "ПрАТ «Чернігіврибгосп»",
        "nameEn": null,
        "water": "reservoir",
        "leisure": null,
        "access": null,
        "source": "OpenStreetMap"
      }
    },
    {
      "type": "Feature",
      "geometry": {
        "type": "Point",
        "coordinates": [
          31.2566894,
          51.4342569
        ]
      },
      "properties": {
        "osmId": "way/113753685",
        "name": "ПрАТ «Чернігіврибгосп»",
        "nameUk": "ПрАТ «Чернігіврибгосп»",
        "nameEn": null,
        "water": "reservoir",
        "leisure": null,
        "access": null,
        "source": "OpenStreetMap"
      }
    },
    {
      "type": "Feature",
      "geometry": {
        "type": "Point",
        "coordinates": [
          31.262858,
          51.4326843
        ]
      },
      "properties": {
        "osmId": "way/113753686",
        "name": "ПрАТ «Чернігіврибгосп»",
        "nameUk": "ПрАТ «Чернігіврибгосп»",
        "nameEn": null,
        "water": "reservoir",
        "leisure": null,
        "access": null,
        "source": "OpenStreetMap"
      }
    },
    {
      "type": "Feature",
      "geometry": {
        "type": "Point",
        "coordinates": [
          31.2650672,
          51.4488303
        ]
      },
      "properties": {
        "osmId": "way/113753695",
        "name": "Теплий канал Чернігівської ТЕЦ",
        "nameUk": "Теплий канал Чернігівської ТЕЦ",
        "nameEn": null,
        "water": "river",
        "leisure": null,
        "access": null,
        "source": "OpenStreetMap"
      }
    },
    {
      "type": "Feature",
      "geometry": {
        "type": "Point",
        "coordinates": [
          31.2516291,
          51.4354159
        ]
      },
      "properties": {
        "osmId": "way/113753700",
        "name": "ПрАТ «Чернігіврибгосп»",
        "nameUk": "ПрАТ «Чернігіврибгосп»",
        "nameEn": null,
        "water": "reservoir",
        "leisure": null,
        "access": null,
        "source": "OpenStreetMap"
      }
    },
    {
      "type": "Feature",
      "geometry": {
        "type": "Point",
        "coordinates": [
          31.2591904,
          51.437646
        ]
      },
      "properties": {
        "osmId": "way/113753706",
        "name": "ПрАТ «Чернігіврибгосп»",
        "nameUk": "ПрАТ «Чернігіврибгосп»",
        "nameEn": null,
        "water": "reservoir",
        "leisure": null,
        "access": null,
        "source": "OpenStreetMap"
      }
    },
    {
      "type": "Feature",
      "geometry": {
        "type": "Point",
        "coordinates": [
          31.2606977,
          51.4394869
        ]
      },
      "properties": {
        "osmId": "way/113753712",
        "name": "ПрАТ «Чернігіврибгосп»",
        "nameUk": "ПрАТ «Чернігіврибгосп»",
        "nameEn": null,
        "water": "reservoir",
        "leisure": null,
        "access": null,
        "source": "OpenStreetMap"
      }
    },
    {
      "type": "Feature",
      "geometry": {
        "type": "Point",
        "coordinates": [
          31.3557046,
          51.4301607
        ]
      },
      "properties": {
        "osmId": "way/113755913",
        "name": "Круг",
        "nameUk": "Круг",
        "nameEn": null,
        "water": "water",
        "leisure": null,
        "access": null,
        "source": "OpenStreetMap"
      }
    },
    {
      "type": "Feature",
      "geometry": {
        "type": "Point",
        "coordinates": [
          31.3430989,
          51.4775852
        ]
      },
      "properties": {
        "osmId": "way/113755926",
        "name": "Мертва Яма",
        "nameUk": "Мертва Яма",
        "nameEn": null,
        "water": "water",
        "leisure": null,
        "access": null,
        "source": "OpenStreetMap"
      }
    },
    {
      "type": "Feature",
      "geometry": {
        "type": "Point",
        "coordinates": [
          31.333336,
          51.4744208
        ]
      },
      "properties": {
        "osmId": "way/113755941",
        "name": "Магістратське",
        "nameUk": "Магістратське",
        "nameEn": "Mahistratske",
        "water": "lake",
        "leisure": null,
        "access": null,
        "source": "OpenStreetMap"
      }
    },
    {
      "type": "Feature",
      "geometry": {
        "type": "Point",
        "coordinates": [
          31.3399658,
          51.4674477
        ]
      },
      "properties": {
        "osmId": "way/113756575",
        "name": "Лопуховате",
        "nameUk": "Лопуховате",
        "nameEn": null,
        "water": "water",
        "leisure": null,
        "access": null,
        "source": "OpenStreetMap"
      }
    },
    {
      "type": "Feature",
      "geometry": {
        "type": "Point",
        "coordinates": [
          31.2194333,
          51.3953752
        ]
      },
      "properties": {
        "osmId": "way/113803651",
        "name": "Вершин",
        "nameUk": "Вершин",
        "nameEn": null,
        "water": "lake",
        "leisure": null,
        "access": null,
        "source": "OpenStreetMap"
      }
    },
    {
      "type": "Feature",
      "geometry": {
        "type": "Point",
        "coordinates": [
          31.0666662,
          51.3870066
        ]
      },
      "properties": {
        "osmId": "way/113941300",
        "name": "Вереб",
        "nameUk": "Вереб",
        "nameEn": null,
        "water": "water",
        "leisure": null,
        "access": null,
        "source": "OpenStreetMap"
      }
    },
    {
      "type": "Feature",
      "geometry": {
        "type": "Point",
        "coordinates": [
          30.56405,
          50.4816538
        ]
      },
      "properties": {
        "osmId": "way/114249636",
        "name": "Русанівське озеро",
        "nameUk": "Русанівське озеро",
        "nameEn": null,
        "water": "lake",
        "leisure": null,
        "access": null,
        "source": "OpenStreetMap"
      }
    },
    {
      "type": "Feature",
      "geometry": {
        "type": "Point",
        "coordinates": [
          30.5789701,
          50.4377238
        ]
      },
      "properties": {
        "osmId": "way/114936390",
        "name": "Берізка",
        "nameUk": "Берізка",
        "nameEn": null,
        "water": "lake",
        "leisure": null,
        "access": null,
        "source": "OpenStreetMap"
      }
    },
    {
      "type": "Feature",
      "geometry": {
        "type": "Point",
        "coordinates": [
          31.0381571,
          51.3916368
        ]
      },
      "properties": {
        "osmId": "way/115512984",
        "name": "Вереб",
        "nameUk": "Вереб",
        "nameEn": null,
        "water": "water",
        "leisure": null,
        "access": null,
        "source": "OpenStreetMap"
      }
    },
    {
      "type": "Feature",
      "geometry": {
        "type": "Point",
        "coordinates": [
          31.4657942,
          50.3032129
        ]
      },
      "properties": {
        "osmId": "way/115887683",
        "name": "Центральне озеро",
        "nameUk": "Центральне озеро",
        "nameEn": null,
        "water": "water",
        "leisure": null,
        "access": null,
        "source": "OpenStreetMap"
      }
    },
    {
      "type": "Feature",
      "geometry": {
        "type": "Point",
        "coordinates": [
          30.6700033,
          50.7358542
        ]
      },
      "properties": {
        "osmId": "way/116136637",
        "name": "Десна",
        "nameUk": "Десна",
        "nameEn": "Desna",
        "water": "river",
        "leisure": null,
        "access": null,
        "source": "OpenStreetMap"
      }
    },
    {
      "type": "Feature",
      "geometry": {
        "type": "Point",
        "coordinates": [
          30.6820598,
          50.7307767
        ]
      },
      "properties": {
        "osmId": "way/116136638",
        "name": "Десна",
        "nameUk": "Десна",
        "nameEn": "Desna",
        "water": "river",
        "leisure": null,
        "access": null,
        "source": "OpenStreetMap"
      }
    },
    {
      "type": "Feature",
      "geometry": {
        "type": "Point",
        "coordinates": [
          30.682497,
          50.7399962
        ]
      },
      "properties": {
        "osmId": "way/116136646",
        "name": "Десна",
        "nameUk": "Десна",
        "nameEn": "Desna",
        "water": "river",
        "leisure": null,
        "access": null,
        "source": "OpenStreetMap"
      }
    },
    {
      "type": "Feature",
      "geometry": {
        "type": "Point",
        "coordinates": [
          30.930316,
          50.2551388
        ]
      },
      "properties": {
        "osmId": "way/116609765",
        "name": "Кругле озеро",
        "nameUk": "Кругле озеро",
        "nameEn": null,
        "water": "water",
        "leisure": null,
        "access": null,
        "source": "OpenStreetMap"
      }
    },
    {
      "type": "Feature",
      "geometry": {
        "type": "Point",
        "coordinates": [
          30.9265661,
          50.2577093
        ]
      },
      "properties": {
        "osmId": "way/116609769",
        "name": "Окоп",
        "nameUk": "Окоп",
        "nameEn": null,
        "water": "pond",
        "leisure": null,
        "access": null,
        "source": "OpenStreetMap"
      }
    },
    {
      "type": "Feature",
      "geometry": {
        "type": "Point",
        "coordinates": [
          30.9254687,
          50.2529903
        ]
      },
      "properties": {
        "osmId": "way/116609771",
        "name": "Сагацьке озеро",
        "nameUk": "Сагацьке озеро",
        "nameEn": null,
        "water": "water",
        "leisure": null,
        "access": null,
        "source": "OpenStreetMap"
      }
    },
    {
      "type": "Feature",
      "geometry": {
        "type": "Point",
        "coordinates": [
          30.1949877,
          50.1789186
        ]
      },
      "properties": {
        "osmId": "way/118003976",
        "name": "8",
        "nameUk": "8",
        "nameEn": null,
        "water": "water",
        "leisure": null,
        "access": null,
        "source": "OpenStreetMap"
      }
    },
    {
      "type": "Feature",
      "geometry": {
        "type": "Point",
        "coordinates": [
          30.6657846,
          50.5799751
        ]
      },
      "properties": {
        "osmId": "way/118038073",
        "name": "Хома",
        "nameUk": "Хома",
        "nameEn": null,
        "water": "lake",
        "leisure": null,
        "access": null,
        "source": "OpenStreetMap"
      }
    },
    {
      "type": "Feature",
      "geometry": {
        "type": "Point",
        "coordinates": [
          30.2199465,
          50.1818902
        ]
      },
      "properties": {
        "osmId": "way/118204352",
        "name": "Рибне озеро",
        "nameUk": "Рибне озеро",
        "nameEn": null,
        "water": "water",
        "leisure": null,
        "access": null,
        "source": "OpenStreetMap"
      }
    },
    {
      "type": "Feature",
      "geometry": {
        "type": "Point",
        "coordinates": [
          30.2643437,
          50.25467
        ]
      },
      "properties": {
        "osmId": "way/118564728",
        "name": "Калиновий Гай",
        "nameUk": "Калиновий Гай",
        "nameEn": null,
        "water": "lake",
        "leisure": null,
        "access": null,
        "source": "OpenStreetMap"
      }
    },
    {
      "type": "Feature",
      "geometry": {
        "type": "Point",
        "coordinates": [
          30.2296109,
          50.3208039
        ]
      },
      "properties": {
        "osmId": "way/118712050",
        "name": "4-те озеро",
        "nameUk": "4-те озеро",
        "nameEn": null,
        "water": "water",
        "leisure": null,
        "access": null,
        "source": "OpenStreetMap"
      }
    },
    {
      "type": "Feature",
      "geometry": {
        "type": "Point",
        "coordinates": [
          30.5626992,
          50.2793033
        ]
      },
      "properties": {
        "osmId": "way/120682830",
        "name": "Шапарня",
        "nameUk": "Шапарня",
        "nameEn": null,
        "water": "lake",
        "leisure": null,
        "access": null,
        "source": "OpenStreetMap"
      }
    },
    {
      "type": "Feature",
      "geometry": {
        "type": "Point",
        "coordinates": [
          30.5704137,
          50.2699998
        ]
      },
      "properties": {
        "osmId": "way/120682834",
        "name": "Озеро лісника",
        "nameUk": "Озеро лісника",
        "nameEn": null,
        "water": "water",
        "leisure": null,
        "access": null,
        "source": "OpenStreetMap"
      }
    },
    {
      "type": "Feature",
      "geometry": {
        "type": "Point",
        "coordinates": [
          30.6638643,
          50.5926845
        ]
      },
      "properties": {
        "osmId": "way/123644484",
        "name": "Стара Десна",
        "nameUk": "Стара Десна",
        "nameEn": null,
        "water": "water",
        "leisure": null,
        "access": null,
        "source": "OpenStreetMap"
      }
    },
    {
      "type": "Feature",
      "geometry": {
        "type": "Point",
        "coordinates": [
          30.4887606,
          50.1207881
        ]
      },
      "properties": {
        "osmId": "way/126976811",
        "name": "Раківка",
        "nameUk": "Раківка",
        "nameEn": null,
        "water": "water",
        "leisure": null,
        "access": null,
        "source": "OpenStreetMap"
      }
    },
    {
      "type": "Feature",
      "geometry": {
        "type": "Point",
        "coordinates": [
          30.0264247,
          50.2015959
        ]
      },
      "properties": {
        "osmId": "way/128396257",
        "name": "Лісове озеро",
        "nameUk": "Лісове озеро",
        "nameEn": null,
        "water": "lake",
        "leisure": null,
        "access": null,
        "source": "OpenStreetMap"
      }
    },
    {
      "type": "Feature",
      "geometry": {
        "type": "Point",
        "coordinates": [
          31.8745772,
          51.3648907
        ]
      },
      "properties": {
        "osmId": "way/130194234",
        "name": "Лознище",
        "nameUk": "Лознище",
        "nameEn": null,
        "water": "lake",
        "leisure": null,
        "access": null,
        "source": "OpenStreetMap"
      }
    },
    {
      "type": "Feature",
      "geometry": {
        "type": "Point",
        "coordinates": [
          30.1321647,
          50.5818637
        ]
      },
      "properties": {
        "osmId": "way/130792035",
        "name": "3-тє Технікумівське озеро",
        "nameUk": "3-тє Технікумівське озеро",
        "nameEn": null,
        "water": "lake",
        "leisure": null,
        "access": null,
        "source": "OpenStreetMap"
      }
    },
    {
      "type": "Feature",
      "geometry": {
        "type": "Point",
        "coordinates": [
          30.0386851,
          50.433964
        ]
      },
      "properties": {
        "osmId": "way/135509742",
        "name": "Справнічка",
        "nameUk": "Справнічка",
        "nameEn": null,
        "water": "Бузовка",
        "leisure": null,
        "access": null,
        "source": "OpenStreetMap"
      }
    },
    {
      "type": "Feature",
      "geometry": {
        "type": "Point",
        "coordinates": [
          30.0418677,
          50.43778
        ]
      },
      "properties": {
        "osmId": "way/135509743",
        "name": "Бузовка",
        "nameUk": "Бузовка",
        "nameEn": null,
        "water": "lake",
        "leisure": null,
        "access": null,
        "source": "OpenStreetMap"
      }
    },
    {
      "type": "Feature",
      "geometry": {
        "type": "Point",
        "coordinates": [
          30.0441551,
          50.4394705
        ]
      },
      "properties": {
        "osmId": "way/135509744",
        "name": "Бузовка",
        "nameUk": "Бузовка",
        "nameEn": null,
        "water": "water",
        "leisure": null,
        "access": null,
        "source": "OpenStreetMap"
      }
    },
    {
      "type": "Feature",
      "geometry": {
        "type": "Point",
        "coordinates": [
          30.5437121,
          50.3674767
        ]
      },
      "properties": {
        "osmId": "way/136190427",
        "name": "Китаївські ставки",
        "nameUk": "Китаївські ставки",
        "nameEn": null,
        "water": "pond",
        "leisure": null,
        "access": null,
        "source": "OpenStreetMap"
      }
    },
    {
      "type": "Feature",
      "geometry": {
        "type": "Point",
        "coordinates": [
          31.8909897,
          51.3564312
        ]
      },
      "properties": {
        "osmId": "way/137729730",
        "name": "Сокирне",
        "nameUk": "Сокирне",
        "nameEn": null,
        "water": "lake",
        "leisure": null,
        "access": null,
        "source": "OpenStreetMap"
      }
    },
    {
      "type": "Feature",
      "geometry": {
        "type": "Point",
        "coordinates": [
          30.9477706,
          50.8049152
        ]
      },
      "properties": {
        "osmId": "way/138738588",
        "name": "Озеро Стибин",
        "nameUk": "Озеро Стибин",
        "nameEn": null,
        "water": "lake",
        "leisure": null,
        "access": null,
        "source": "OpenStreetMap"
      }
    },
    {
      "type": "Feature",
      "geometry": {
        "type": "Point",
        "coordinates": [
          30.5212195,
          50.4841919
        ]
      },
      "properties": {
        "osmId": "way/139420692",
        "name": "Вовковата затока",
        "nameUk": "Вовковата затока",
        "nameEn": null,
        "water": "water",
        "leisure": null,
        "access": null,
        "source": "OpenStreetMap"
      }
    },
    {
      "type": "Feature",
      "geometry": {
        "type": "Point",
        "coordinates": [
          30.6220649,
          50.4164337
        ]
      },
      "properties": {
        "osmId": "way/139523635",
        "name": "озеро Качине",
        "nameUk": "озеро Качине",
        "nameEn": "Kachyne Lake",
        "water": "lake",
        "leisure": null,
        "access": null,
        "source": "OpenStreetMap"
      }
    },
    {
      "type": "Feature",
      "geometry": {
        "type": "Point",
        "coordinates": [
          30.9460097,
          50.3384542
        ]
      },
      "properties": {
        "osmId": "way/139981070",
        "name": "Гульківка",
        "nameUk": "Гульківка",
        "nameEn": null,
        "water": "lake",
        "leisure": null,
        "access": null,
        "source": "OpenStreetMap"
      }
    },
    {
      "type": "Feature",
      "geometry": {
        "type": "Point",
        "coordinates": [
          30.5629334,
          50.4542136
        ]
      },
      "properties": {
        "osmId": "way/141123865",
        "name": "Лісове Південне озеро",
        "nameUk": "Лісове Південне озеро",
        "nameEn": null,
        "water": "lake",
        "leisure": null,
        "access": null,
        "source": "OpenStreetMap"
      }
    },
    {
      "type": "Feature",
      "geometry": {
        "type": "Point",
        "coordinates": [
          30.6181889,
          50.3580494
        ]
      },
      "properties": {
        "osmId": "way/141515459",
        "name": "Підбірна",
        "nameUk": "Підбірна",
        "nameEn": null,
        "water": "lake",
        "leisure": null,
        "access": null,
        "source": "OpenStreetMap"
      }
    },
    {
      "type": "Feature",
      "geometry": {
        "type": "Point",
        "coordinates": [
          30.6119301,
          50.3638917
        ]
      },
      "properties": {
        "osmId": "way/141515460",
        "name": "Худа",
        "nameUk": "Худа",
        "nameEn": null,
        "water": "lake",
        "leisure": null,
        "access": null,
        "source": "OpenStreetMap"
      }
    },
    {
      "type": "Feature",
      "geometry": {
        "type": "Point",
        "coordinates": [
          30.3748824,
          50.3941649
        ]
      },
      "properties": {
        "osmId": "way/142063813",
        "name": "озеро Оріон",
        "nameUk": "озеро Оріон",
        "nameEn": null,
        "water": "pond",
        "leisure": null,
        "access": null,
        "source": "OpenStreetMap"
      }
    },
    {
      "type": "Feature",
      "geometry": {
        "type": "Point",
        "coordinates": [
          30.2920945,
          50.310975
        ]
      },
      "properties": {
        "osmId": "way/142478411",
        "name": "Лісовий став",
        "nameUk": "Лісовий став",
        "nameEn": null,
        "water": "water",
        "leisure": null,
        "access": null,
        "source": "OpenStreetMap"
      }
    },
    {
      "type": "Feature",
      "geometry": {
        "type": "Point",
        "coordinates": [
          30.2944918,
          50.3110612
        ]
      },
      "properties": {
        "osmId": "way/142478412",
        "name": "Шкільний став",
        "nameUk": "Шкільний став",
        "nameEn": null,
        "water": "water",
        "leisure": null,
        "access": null,
        "source": "OpenStreetMap"
      }
    },
    {
      "type": "Feature",
      "geometry": {
        "type": "Point",
        "coordinates": [
          30.2752401,
          50.3140114
        ]
      },
      "properties": {
        "osmId": "way/142478413",
        "name": "Йосипів ставок",
        "nameUk": "Йосипів ставок",
        "nameEn": null,
        "water": "pond",
        "leisure": null,
        "access": null,
        "source": "OpenStreetMap"
      }
    },
    {
      "type": "Feature",
      "geometry": {
        "type": "Point",
        "coordinates": [
          30.2340058,
          50.3062967
        ]
      },
      "properties": {
        "osmId": "way/142483648",
        "name": "5-те озеро",
        "nameUk": "5-те озеро",
        "nameEn": null,
        "water": "water",
        "leisure": null,
        "access": null,
        "source": "OpenStreetMap"
      }
    },
    {
      "type": "Feature",
      "geometry": {
        "type": "Point",
        "coordinates": [
          30.2407846,
          50.3089219
        ]
      },
      "properties": {
        "osmId": "way/142483654",
        "name": "5-те озеро",
        "nameUk": "5-те озеро",
        "nameEn": null,
        "water": "water",
        "leisure": null,
        "access": null,
        "source": "OpenStreetMap"
      }
    },
    {
      "type": "Feature",
      "geometry": {
        "type": "Point",
        "coordinates": [
          30.0998706,
          51.0346731
        ]
      },
      "properties": {
        "osmId": "way/144756563",
        "name": "озеро Співака",
        "nameUk": "озеро Співака",
        "nameEn": null,
        "water": "water",
        "leisure": null,
        "access": null,
        "source": "OpenStreetMap"
      }
    },
    {
      "type": "Feature",
      "geometry": {
        "type": "Point",
        "coordinates": [
          30.5560028,
          50.3947916
        ]
      },
      "properties": {
        "osmId": "way/144973416",
        "name": "Руслачине озеро",
        "nameUk": "Руслачине озеро",
        "nameEn": null,
        "water": "no",
        "leisure": null,
        "access": null,
        "source": "OpenStreetMap"
      }
    },
    {
      "type": "Feature",
      "geometry": {
        "type": "Point",
        "coordinates": [
          30.0453126,
          50.4188796
        ]
      },
      "properties": {
        "osmId": "way/145477804",
        "name": "Радгоспний ставок",
        "nameUk": "Радгоспний ставок",
        "nameEn": null,
        "water": "pond",
        "leisure": null,
        "access": null,
        "source": "OpenStreetMap"
      }
    },
    {
      "type": "Feature",
      "geometry": {
        "type": "Point",
        "coordinates": [
          30.0413774,
          50.4042635
        ]
      },
      "properties": {
        "osmId": "way/146070229",
        "name": "Маковське озеро",
        "nameUk": "Маковське озеро",
        "nameEn": null,
        "water": "pond",
        "leisure": null,
        "access": null,
        "source": "OpenStreetMap"
      }
    },
    {
      "type": "Feature",
      "geometry": {
        "type": "Point",
        "coordinates": [
          30.239511,
          50.4151641
        ]
      },
      "properties": {
        "osmId": "way/146556155",
        "name": "озеро Володимира Великого",
        "nameUk": "озеро Володимира Великого",
        "nameEn": null,
        "water": "water",
        "leisure": null,
        "access": null,
        "source": "OpenStreetMap"
      }
    },
    {
      "type": "Feature",
      "geometry": {
        "type": "Point",
        "coordinates": [
          30.4940554,
          50.4392906
        ]
      },
      "properties": {
        "osmId": "way/146604627",
        "name": "Басейн градирні",
        "nameUk": "Басейн градирні",
        "nameEn": null,
        "water": "reservoir",
        "leisure": null,
        "access": null,
        "source": "OpenStreetMap"
      }
    },
    {
      "type": "Feature",
      "geometry": {
        "type": "Point",
        "coordinates": [
          30.7434962,
          50.7237667
        ]
      },
      "properties": {
        "osmId": "way/150487889",
        "name": "Любич",
        "nameUk": "Любич",
        "nameEn": null,
        "water": "river",
        "leisure": null,
        "access": null,
        "source": "OpenStreetMap"
      }
    },
    {
      "type": "Feature",
      "geometry": {
        "type": "Point",
        "coordinates": [
          30.5194958,
          50.3803655
        ]
      },
      "properties": {
        "osmId": "way/150582846",
        "name": "Купальня",
        "nameUk": "Купальня",
        "nameEn": null,
        "water": "water",
        "leisure": null,
        "access": null,
        "source": "OpenStreetMap"
      }
    },
    {
      "type": "Feature",
      "geometry": {
        "type": "Point",
        "coordinates": [
          29.9775462,
          50.1043046
        ]
      },
      "properties": {
        "osmId": "way/151651505",
        "name": "Снітинка",
        "nameUk": "Снітинка",
        "nameEn": null,
        "water": "lake",
        "leisure": null,
        "access": null,
        "source": "OpenStreetMap"
      }
    },
    {
      "type": "Feature",
      "geometry": {
        "type": "Point",
        "coordinates": [
          29.9460884,
          50.1096022
        ]
      },
      "properties": {
        "osmId": "way/151787475",
        "name": "Новий карʼєр",
        "nameUk": "Новий карʼєр",
        "nameEn": null,
        "water": "pond",
        "leisure": null,
        "access": null,
        "source": "OpenStreetMap"
      }
    },
    {
      "type": "Feature",
      "geometry": {
        "type": "Point",
        "coordinates": [
          29.9480621,
          50.1120538
        ]
      },
      "properties": {
        "osmId": "way/151919881",
        "name": "Старий кар'єр",
        "nameUk": "Старий кар'єр",
        "nameEn": null,
        "water": "water",
        "leisure": null,
        "access": null,
        "source": "OpenStreetMap"
      }
    },
    {
      "type": "Feature",
      "geometry": {
        "type": "Point",
        "coordinates": [
          29.9377085,
          50.4163818
        ]
      },
      "properties": {
        "osmId": "way/154944429",
        "name": "Моне",
        "nameUk": "Моне",
        "nameEn": null,
        "water": "lake",
        "leisure": null,
        "access": null,
        "source": "OpenStreetMap"
      }
    },
    {
      "type": "Feature",
      "geometry": {
        "type": "Point",
        "coordinates": [
          30.656147,
          50.3666478
        ]
      },
      "properties": {
        "osmId": "way/160200243",
        "name": "Вʼязки",
        "nameUk": "Вʼязки",
        "nameEn": null,
        "water": "lake",
        "leisure": null,
        "access": null,
        "source": "OpenStreetMap"
      }
    },
    {
      "type": "Feature",
      "geometry": {
        "type": "Point",
        "coordinates": [
          30.663332,
          50.3580052
        ]
      },
      "properties": {
        "osmId": "way/160324992",
        "name": "Коровʼяче озеро",
        "nameUk": "Коровʼяче озеро",
        "nameEn": null,
        "water": "lake",
        "leisure": null,
        "access": null,
        "source": "OpenStreetMap"
      }
    },
    {
      "type": "Feature",
      "geometry": {
        "type": "Point",
        "coordinates": [
          30.646775,
          50.3516518
        ]
      },
      "properties": {
        "osmId": "way/160325477",
        "name": "Піщане озеро",
        "nameUk": "Піщане озеро",
        "nameEn": null,
        "water": "lake",
        "leisure": null,
        "access": null,
        "source": "OpenStreetMap"
      }
    },
    {
      "type": "Feature",
      "geometry": {
        "type": "Point",
        "coordinates": [
          30.6526705,
          50.3431427
        ]
      },
      "properties": {
        "osmId": "way/160326804",
        "name": "Плоске озеро",
        "nameUk": "Плоске озеро",
        "nameEn": null,
        "water": "water",
        "leisure": null,
        "access": null,
        "source": "OpenStreetMap"
      }
    },
    {
      "type": "Feature",
      "geometry": {
        "type": "Point",
        "coordinates": [
          30.6366035,
          50.3516802
        ]
      },
      "properties": {
        "osmId": "way/160504498",
        "name": "Святище",
        "nameUk": "Святище",
        "nameEn": null,
        "water": "water",
        "leisure": null,
        "access": null,
        "source": "OpenStreetMap"
      }
    },
    {
      "type": "Feature",
      "geometry": {
        "type": "Point",
        "coordinates": [
          30.542948,
          50.5396374
        ]
      },
      "properties": {
        "osmId": "way/160524950",
        "name": "озеро Кільнище",
        "nameUk": "озеро Кільнище",
        "nameEn": null,
        "water": "water",
        "leisure": null,
        "access": null,
        "source": "OpenStreetMap"
      }
    },
    {
      "type": "Feature",
      "geometry": {
        "type": "Point",
        "coordinates": [
          30.5500433,
          50.5121754
        ]
      },
      "properties": {
        "osmId": "way/162351267",
        "name": "Щитецьке озеро",
        "nameUk": "Щитецьке озеро",
        "nameEn": null,
        "water": "lake",
        "leisure": null,
        "access": null,
        "source": "OpenStreetMap"
      }
    },
    {
      "type": "Feature",
      "geometry": {
        "type": "Point",
        "coordinates": [
          30.2633759,
          50.1038631
        ]
      },
      "properties": {
        "osmId": "way/162594252",
        "name": "Кузінерський ставок",
        "nameUk": "Кузінерський ставок",
        "nameEn": null,
        "water": "pond",
        "leisure": null,
        "access": null,
        "source": "OpenStreetMap"
      }
    },
    {
      "type": "Feature",
      "geometry": {
        "type": "Point",
        "coordinates": [
          30.2532006,
          50.1017624
        ]
      },
      "properties": {
        "osmId": "way/162594255",
        "name": "Бачинський ставок",
        "nameUk": "Бачинський ставок",
        "nameEn": null,
        "water": "pond",
        "leisure": null,
        "access": null,
        "source": "OpenStreetMap"
      }
    },
    {
      "type": "Feature",
      "geometry": {
        "type": "Point",
        "coordinates": [
          30.3224645,
          50.0622021
        ]
      },
      "properties": {
        "osmId": "way/162844278",
        "name": "Вовчий Яр",
        "nameUk": "Вовчий Яр",
        "nameEn": null,
        "water": "water",
        "leisure": null,
        "access": null,
        "source": "OpenStreetMap"
      }
    },
    {
      "type": "Feature",
      "geometry": {
        "type": "Point",
        "coordinates": [
          30.5857599,
          50.2031277
        ]
      },
      "properties": {
        "osmId": "way/163103027",
        "name": "озеро Мічмана",
        "nameUk": "озеро Мічмана",
        "nameEn": null,
        "water": "lake",
        "leisure": null,
        "access": null,
        "source": "OpenStreetMap"
      }
    },
    {
      "type": "Feature",
      "geometry": {
        "type": "Point",
        "coordinates": [
          30.2583701,
          50.0924076
        ]
      },
      "properties": {
        "osmId": "way/163197762",
        "name": "Нижчий Панський ставок",
        "nameUk": "Нижчий Панський ставок",
        "nameEn": null,
        "water": "pond",
        "leisure": null,
        "access": null,
        "source": "OpenStreetMap"
      }
    },
    {
      "type": "Feature",
      "geometry": {
        "type": "Point",
        "coordinates": [
          30.2541379,
          50.0905463
        ]
      },
      "properties": {
        "osmId": "way/163197793",
        "name": "Панський ставок",
        "nameUk": "Панський ставок",
        "nameEn": null,
        "water": "pond",
        "leisure": null,
        "access": null,
        "source": "OpenStreetMap"
      }
    },
    {
      "type": "Feature",
      "geometry": {
        "type": "Point",
        "coordinates": [
          30.224201,
          50.042588
        ]
      },
      "properties": {
        "osmId": "way/163842266",
        "name": "Колгоспний ставок",
        "nameUk": "Колгоспний ставок",
        "nameEn": null,
        "water": "pond",
        "leisure": null,
        "access": null,
        "source": "OpenStreetMap"
      }
    },
    {
      "type": "Feature",
      "geometry": {
        "type": "Point",
        "coordinates": [
          29.5882109,
          50.7182909
        ]
      },
      "properties": {
        "osmId": "way/165416293",
        "name": "Круглик",
        "nameUk": "Круглик",
        "nameEn": "Kruhlyk",
        "water": "lake",
        "leisure": null,
        "access": null,
        "source": "OpenStreetMap"
      }
    },
    {
      "type": "Feature",
      "geometry": {
        "type": "Point",
        "coordinates": [
          29.5858474,
          50.7231505
        ]
      },
      "properties": {
        "osmId": "way/165422209",
        "name": "Дубовське озеро",
        "nameUk": "Дубовське озеро",
        "nameEn": "Dubovske",
        "water": "lake",
        "leisure": null,
        "access": null,
        "source": "OpenStreetMap"
      }
    },
    {
      "type": "Feature",
      "geometry": {
        "type": "Point",
        "coordinates": [
          30.5612016,
          50.4585223
        ]
      },
      "properties": {
        "osmId": "way/165482277",
        "name": "Лісове Середнє озеро",
        "nameUk": "Лісове Середнє озеро",
        "nameEn": null,
        "water": "lake",
        "leisure": null,
        "access": null,
        "source": "OpenStreetMap"
      }
    },
    {
      "type": "Feature",
      "geometry": {
        "type": "Point",
        "coordinates": [
          31.9041189,
          51.0299191
        ]
      },
      "properties": {
        "osmId": "way/167441584",
        "name": "Ніжин-озеро",
        "nameUk": "Ніжин-озеро",
        "nameEn": null,
        "water": "lake",
        "leisure": null,
        "access": null,
        "source": "OpenStreetMap"
      }
    },
    {
      "type": "Feature",
      "geometry": {
        "type": "Point",
        "coordinates": [
          30.6750807,
          50.5241641
        ]
      },
      "properties": {
        "osmId": "way/168587273",
        "name": "Відстійник вапняного шламу",
        "nameUk": "Відстійник вапняного шламу",
        "nameEn": null,
        "water": "reservoir",
        "leisure": null,
        "access": null,
        "source": "OpenStreetMap"
      }
    },
    {
      "type": "Feature",
      "geometry": {
        "type": "Point",
        "coordinates": [
          31.4352429,
          50.0819521
        ]
      },
      "properties": {
        "osmId": "way/169000037",
        "name": "Другий кар’єр",
        "nameUk": "Другий кар’єр",
        "nameEn": "2nd Quarry",
        "water": "water",
        "leisure": null,
        "access": null,
        "source": "OpenStreetMap"
      }
    },
    {
      "type": "Feature",
      "geometry": {
        "type": "Point",
        "coordinates": [
          31.4328631,
          50.0826264
        ]
      },
      "properties": {
        "osmId": "way/169000038",
        "name": "Третій кар’єр",
        "nameUk": "Третій кар’єр",
        "nameEn": "3rd Quarry",
        "water": "lake",
        "leisure": null,
        "access": null,
        "source": "OpenStreetMap"
      }
    },
    {
      "type": "Feature",
      "geometry": {
        "type": "Point",
        "coordinates": [
          31.4367443,
          50.0811746
        ]
      },
      "properties": {
        "osmId": "way/169000043",
        "name": "Перший кар’єр",
        "nameUk": "Перший кар’єр",
        "nameEn": "1st Quarry",
        "water": "water",
        "leisure": null,
        "access": null,
        "source": "OpenStreetMap"
      }
    },
    {
      "type": "Feature",
      "geometry": {
        "type": "Point",
        "coordinates": [
          30.5756635,
          50.5094343
        ]
      },
      "properties": {
        "osmId": "way/169238825",
        "name": "Гнилуша",
        "nameUk": "Гнилуша",
        "nameEn": null,
        "water": "lake",
        "leisure": null,
        "access": null,
        "source": "OpenStreetMap"
      }
    },
    {
      "type": "Feature",
      "geometry": {
        "type": "Point",
        "coordinates": [
          30.4422304,
          50.2450465
        ]
      },
      "properties": {
        "osmId": "way/169831435",
        "name": "Ставок в Рославичах",
        "nameUk": "Ставок в Рославичах",
        "nameEn": null,
        "water": "reservoir",
        "leisure": null,
        "access": null,
        "source": "OpenStreetMap"
      }
    },
    {
      "type": "Feature",
      "geometry": {
        "type": "Point",
        "coordinates": [
          30.8693765,
          50.9528428
        ]
      },
      "properties": {
        "osmId": "way/170738953",
        "name": "Попівка",
        "nameUk": "Попівка",
        "nameEn": null,
        "water": "lake",
        "leisure": null,
        "access": null,
        "source": "OpenStreetMap"
      }
    },
    {
      "type": "Feature",
      "geometry": {
        "type": "Point",
        "coordinates": [
          30.8647205,
          50.9512877
        ]
      },
      "properties": {
        "osmId": "way/170739189",
        "name": "Кривуша",
        "nameUk": "Кривуша",
        "nameEn": null,
        "water": "lake",
        "leisure": null,
        "access": null,
        "source": "OpenStreetMap"
      }
    },
    {
      "type": "Feature",
      "geometry": {
        "type": "Point",
        "coordinates": [
          30.8629422,
          50.9484779
        ]
      },
      "properties": {
        "osmId": "way/170739267",
        "name": "Діадорівка",
        "nameUk": "Діадорівка",
        "nameEn": null,
        "water": "lake",
        "leisure": null,
        "access": null,
        "source": "OpenStreetMap"
      }
    },
    {
      "type": "Feature",
      "geometry": {
        "type": "Point",
        "coordinates": [
          30.854199,
          50.9508639
        ]
      },
      "properties": {
        "osmId": "way/170739697",
        "name": "Озеро Солдацьке",
        "nameUk": "Озеро Солдацьке",
        "nameEn": null,
        "water": "water",
        "leisure": null,
        "access": null,
        "source": "OpenStreetMap"
      }
    },
    {
      "type": "Feature",
      "geometry": {
        "type": "Point",
        "coordinates": [
          30.8463528,
          50.9164502
        ]
      },
      "properties": {
        "osmId": "way/170740978",
        "name": "Озеро Комарове (Старик)",
        "nameUk": "Озеро Комарове (Старик)",
        "nameEn": null,
        "water": "water",
        "leisure": null,
        "access": null,
        "source": "OpenStreetMap"
      }
    },
    {
      "type": "Feature",
      "geometry": {
        "type": "Point",
        "coordinates": [
          30.8312564,
          50.905685
        ]
      },
      "properties": {
        "osmId": "way/170741229",
        "name": "Озеро Попівське",
        "nameUk": "Озеро Попівське",
        "nameEn": null,
        "water": "water",
        "leisure": null,
        "access": null,
        "source": "OpenStreetMap"
      }
    },
    {
      "type": "Feature",
      "geometry": {
        "type": "Point",
        "coordinates": [
          30.8902212,
          50.9477621
        ]
      },
      "properties": {
        "osmId": "way/170743596",
        "name": "Озеро Котячка",
        "nameUk": "Озеро Котячка",
        "nameEn": null,
        "water": "water",
        "leisure": null,
        "access": null,
        "source": "OpenStreetMap"
      }
    },
    {
      "type": "Feature",
      "geometry": {
        "type": "Point",
        "coordinates": [
          29.8330064,
          50.4385032
        ]
      },
      "properties": {
        "osmId": "way/171573716",
        "name": "Золоте озеро",
        "nameUk": "Золоте озеро",
        "nameEn": null,
        "water": "water",
        "leisure": null,
        "access": null,
        "source": "OpenStreetMap"
      }
    },
    {
      "type": "Feature",
      "geometry": {
        "type": "Point",
        "coordinates": [
          30.541143,
          50.4456343
        ]
      },
      "properties": {
        "osmId": "way/171615824",
        "name": "Фонтан Термена",
        "nameUk": "Фонтан Термена",
        "nameEn": null,
        "water": "water",
        "leisure": null,
        "access": null,
        "source": "OpenStreetMap"
      }
    },
    {
      "type": "Feature",
      "geometry": {
        "type": "Point",
        "coordinates": [
          30.228011,
          50.288418
        ]
      },
      "properties": {
        "osmId": "way/172538165",
        "name": "7-ме Озеро",
        "nameUk": "7-ме Озеро",
        "nameEn": null,
        "water": "water",
        "leisure": null,
        "access": null,
        "source": "OpenStreetMap"
      }
    },
    {
      "type": "Feature",
      "geometry": {
        "type": "Point",
        "coordinates": [
          30.5618292,
          50.8512051
        ]
      },
      "properties": {
        "osmId": "way/172785070",
        "name": "Лиманне господарство «Нептун»",
        "nameUk": "Лиманне господарство «Нептун»",
        "nameEn": null,
        "water": "water",
        "leisure": null,
        "access": null,
        "source": "OpenStreetMap"
      }
    },
    {
      "type": "Feature",
      "geometry": {
        "type": "Point",
        "coordinates": [
          30.7003042,
          50.2918179
        ]
      },
      "properties": {
        "osmId": "way/174519281",
        "name": "Баклажне озеро",
        "nameUk": "Баклажне озеро",
        "nameEn": null,
        "water": "lake",
        "leisure": null,
        "access": null,
        "source": "OpenStreetMap"
      }
    },
    {
      "type": "Feature",
      "geometry": {
        "type": "Point",
        "coordinates": [
          30.6960429,
          50.2951735
        ]
      },
      "properties": {
        "osmId": "way/174578777",
        "name": "Золоче",
        "nameUk": "Золоче",
        "nameEn": null,
        "water": "lake",
        "leisure": null,
        "access": null,
        "source": "OpenStreetMap"
      }
    },
    {
      "type": "Feature",
      "geometry": {
        "type": "Point",
        "coordinates": [
          30.6964897,
          50.1845272
        ]
      },
      "properties": {
        "osmId": "way/174764307",
        "name": "Козинка",
        "nameUk": "Козинка",
        "nameEn": null,
        "water": "river",
        "leisure": null,
        "access": null,
        "source": "OpenStreetMap"
      }
    },
    {
      "type": "Feature",
      "geometry": {
        "type": "Point",
        "coordinates": [
          30.7019979,
          50.1805264
        ]
      },
      "properties": {
        "osmId": "way/174764309",
        "name": "Козинка",
        "nameUk": "Козинка",
        "nameEn": null,
        "water": "river",
        "leisure": null,
        "access": null,
        "source": "OpenStreetMap"
      }
    },
    {
      "type": "Feature",
      "geometry": {
        "type": "Point",
        "coordinates": [
          29.9868188,
          50.6802168
        ]
      },
      "properties": {
        "osmId": "way/175145442",
        "name": "Блакитне озеро",
        "nameUk": "Блакитне озеро",
        "nameEn": null,
        "water": "lake",
        "leisure": null,
        "access": null,
        "source": "OpenStreetMap"
      }
    },
    {
      "type": "Feature",
      "geometry": {
        "type": "Point",
        "coordinates": [
          30.9122754,
          50.5865478
        ]
      },
      "properties": {
        "osmId": "way/175855022",
        "name": "Мiхов",
        "nameUk": "Мiхов",
        "nameEn": null,
        "water": "lake",
        "leisure": null,
        "access": null,
        "source": "OpenStreetMap"
      }
    },
    {
      "type": "Feature",
      "geometry": {
        "type": "Point",
        "coordinates": [
          30.9087243,
          50.5837137
        ]
      },
      "properties": {
        "osmId": "way/175855023",
        "name": "Попiвка",
        "nameUk": "Попiвка",
        "nameEn": null,
        "water": "lake",
        "leisure": null,
        "access": null,
        "source": "OpenStreetMap"
      }
    },
    {
      "type": "Feature",
      "geometry": {
        "type": "Point",
        "coordinates": [
          30.5590708,
          50.5788734
        ]
      },
      "properties": {
        "osmId": "way/176000490",
        "name": "Любчик",
        "nameUk": "Любчик",
        "nameEn": null,
        "water": "lake",
        "leisure": null,
        "access": null,
        "source": "OpenStreetMap"
      }
    },
    {
      "type": "Feature",
      "geometry": {
        "type": "Point",
        "coordinates": [
          30.6236352,
          50.5440034
        ]
      },
      "properties": {
        "osmId": "way/176879059",
        "name": "Удитинське озеро",
        "nameUk": "Удитинське озеро",
        "nameEn": null,
        "water": "water",
        "leisure": null,
        "access": null,
        "source": "OpenStreetMap"
      }
    },
    {
      "type": "Feature",
      "geometry": {
        "type": "Point",
        "coordinates": [
          30.889231,
          50.5198483
        ]
      },
      "properties": {
        "osmId": "way/180959300",
        "name": "Кругленьке",
        "nameUk": "Кругленьке",
        "nameEn": null,
        "water": "water",
        "leisure": null,
        "access": null,
        "source": "OpenStreetMap"
      }
    },
    {
      "type": "Feature",
      "geometry": {
        "type": "Point",
        "coordinates": [
          30.9895793,
          50.0673404
        ]
      },
      "properties": {
        "osmId": "way/183166149",
        "name": "Канівське озеро",
        "nameUk": "Канівське озеро",
        "nameEn": null,
        "water": "lake",
        "leisure": null,
        "access": null,
        "source": "OpenStreetMap"
      }
    },
    {
      "type": "Feature",
      "geometry": {
        "type": "Point",
        "coordinates": [
          31.2313198,
          51.3994139
        ]
      },
      "properties": {
        "osmId": "way/185962974",
        "name": "Прикал",
        "nameUk": "Прикал",
        "nameEn": null,
        "water": "lake",
        "leisure": null,
        "access": null,
        "source": "OpenStreetMap"
      }
    },
    {
      "type": "Feature",
      "geometry": {
        "type": "Point",
        "coordinates": [
          31.2067764,
          51.3815119
        ]
      },
      "properties": {
        "osmId": "way/185962976",
        "name": "Криниця",
        "nameUk": "Криниця",
        "nameEn": null,
        "water": "water",
        "leisure": null,
        "access": null,
        "source": "OpenStreetMap"
      }
    },
    {
      "type": "Feature",
      "geometry": {
        "type": "Point",
        "coordinates": [
          31.2284165,
          51.3834138
        ]
      },
      "properties": {
        "osmId": "way/185962979",
        "name": "Сухе",
        "nameUk": "Сухе",
        "nameEn": "Sukhe",
        "water": "lake",
        "leisure": null,
        "access": null,
        "source": "OpenStreetMap"
      }
    },
    {
      "type": "Feature",
      "geometry": {
        "type": "Point",
        "coordinates": [
          31.2266281,
          51.3804859
        ]
      },
      "properties": {
        "osmId": "way/185962980",
        "name": "Пінна",
        "nameUk": "Пінна",
        "nameEn": null,
        "water": "lake",
        "leisure": null,
        "access": null,
        "source": "OpenStreetMap"
      }
    },
    {
      "type": "Feature",
      "geometry": {
        "type": "Point",
        "coordinates": [
          31.2101421,
          51.3792231
        ]
      },
      "properties": {
        "osmId": "way/185962981",
        "name": "Малагівка",
        "nameUk": "Малагівка",
        "nameEn": null,
        "water": "water",
        "leisure": null,
        "access": null,
        "source": "OpenStreetMap"
      }
    },
    {
      "type": "Feature",
      "geometry": {
        "type": "Point",
        "coordinates": [
          30.5978613,
          50.5584134
        ]
      },
      "properties": {
        "osmId": "way/186132745",
        "name": "стариця Десни",
        "nameUk": "стариця Десни",
        "nameEn": null,
        "water": "river",
        "leisure": null,
        "access": null,
        "source": "OpenStreetMap"
      }
    },
    {
      "type": "Feature",
      "geometry": {
        "type": "Point",
        "coordinates": [
          30.621062,
          50.3880063
        ]
      },
      "properties": {
        "osmId": "way/187019171",
        "name": "Пономарівське",
        "nameUk": "Пономарівське",
        "nameEn": null,
        "water": "water",
        "leisure": null,
        "access": null,
        "source": "OpenStreetMap"
      }
    },
    {
      "type": "Feature",
      "geometry": {
        "type": "Point",
        "coordinates": [
          29.841499,
          50.3944003
        ]
      },
      "properties": {
        "osmId": "way/189560034",
        "name": "Лісничий ставок",
        "nameUk": "Лісничий ставок",
        "nameEn": null,
        "water": "pond",
        "leisure": null,
        "access": null,
        "source": "OpenStreetMap"
      }
    },
    {
      "type": "Feature",
      "geometry": {
        "type": "Point",
        "coordinates": [
          29.8454635,
          50.3933448
        ]
      },
      "properties": {
        "osmId": "way/189560042",
        "name": "Пожежна водойма",
        "nameUk": "Пожежна водойма",
        "nameEn": null,
        "water": "pond",
        "leisure": null,
        "access": null,
        "source": "OpenStreetMap"
      }
    },
    {
      "type": "Feature",
      "geometry": {
        "type": "Point",
        "coordinates": [
          31.9692386,
          49.887184
        ]
      },
      "properties": {
        "osmId": "way/196849660",
        "name": "Ковраєць",
        "nameUk": "Ковраєць",
        "nameEn": null,
        "water": "river",
        "leisure": null,
        "access": null,
        "source": "OpenStreetMap"
      }
    },
    {
      "type": "Feature",
      "geometry": {
        "type": "Point",
        "coordinates": [
          31.9728883,
          49.8906964
        ]
      },
      "properties": {
        "osmId": "way/196849670",
        "name": "Ковраєць",
        "nameUk": "Ковраєць",
        "nameEn": null,
        "water": "river",
        "leisure": null,
        "access": null,
        "source": "OpenStreetMap"
      }
    },
    {
      "type": "Feature",
      "geometry": {
        "type": "Point",
        "coordinates": [
          31.8963113,
          50.0008376
        ]
      },
      "properties": {
        "osmId": "way/198650700",
        "name": "Новий карʼєр",
        "nameUk": "Новий карʼєр",
        "nameEn": null,
        "water": "pond",
        "leisure": null,
        "access": null,
        "source": "OpenStreetMap"
      }
    },
    {
      "type": "Feature",
      "geometry": {
        "type": "Point",
        "coordinates": [
          31.8966875,
          49.9960522
        ]
      },
      "properties": {
        "osmId": "way/198652187",
        "name": "Старий карʼєр",
        "nameUk": "Старий карʼєр",
        "nameEn": null,
        "water": "pond",
        "leisure": null,
        "access": null,
        "source": "OpenStreetMap"
      }
    },
    {
      "type": "Feature",
      "geometry": {
        "type": "Point",
        "coordinates": [
          30.6537716,
          50.1225786
        ]
      },
      "properties": {
        "osmId": "way/200401538",
        "name": "Кобринка",
        "nameUk": "Кобринка",
        "nameEn": null,
        "water": "river",
        "leisure": null,
        "access": null,
        "source": "OpenStreetMap"
      }
    },
    {
      "type": "Feature",
      "geometry": {
        "type": "Point",
        "coordinates": [
          30.6202739,
          50.1028919
        ]
      },
      "properties": {
        "osmId": "way/201399637",
        "name": "Автостанція",
        "nameUk": "Автостанція",
        "nameEn": null,
        "water": "pond",
        "leisure": null,
        "access": null,
        "source": "OpenStreetMap"
      }
    },
    {
      "type": "Feature",
      "geometry": {
        "type": "Point",
        "coordinates": [
          30.4640398,
          50.4522616
        ]
      },
      "properties": {
        "osmId": "way/202936681",
        "name": "Озеро з коропами",
        "nameUk": "Озеро з коропами",
        "nameEn": null,
        "water": "reservoir",
        "leisure": null,
        "access": null,
        "source": "OpenStreetMap"
      }
    },
    {
      "type": "Feature",
      "geometry": {
        "type": "Point",
        "coordinates": [
          30.4627802,
          50.4523774
        ]
      },
      "properties": {
        "osmId": "way/202936683",
        "name": "Лебеді",
        "nameUk": "Лебеді",
        "nameEn": null,
        "water": "water",
        "leisure": null,
        "access": null,
        "source": "OpenStreetMap"
      }
    },
    {
      "type": "Feature",
      "geometry": {
        "type": "Point",
        "coordinates": [
          30.463976,
          50.4530484
        ]
      },
      "properties": {
        "osmId": "way/203271395",
        "name": "Фламінго",
        "nameUk": "Фламінго",
        "nameEn": null,
        "water": "water",
        "leisure": null,
        "access": null,
        "source": "OpenStreetMap"
      }
    },
    {
      "type": "Feature",
      "geometry": {
        "type": "Point",
        "coordinates": [
          31.5691186,
          51.4553146
        ]
      },
      "properties": {
        "osmId": "way/203625769",
        "name": "Гнилуша",
        "nameUk": "Гнилуша",
        "nameEn": null,
        "water": "water",
        "leisure": null,
        "access": null,
        "source": "OpenStreetMap"
      }
    },
    {
      "type": "Feature",
      "geometry": {
        "type": "Point",
        "coordinates": [
          31.2628569,
          49.8891249
        ]
      },
      "properties": {
        "osmId": "way/206359189",
        "name": "Дударське озеро",
        "nameUk": "Дударське озеро",
        "nameEn": null,
        "water": "water",
        "leisure": null,
        "access": null,
        "source": "OpenStreetMap"
      }
    },
    {
      "type": "Feature",
      "geometry": {
        "type": "Point",
        "coordinates": [
          32.1600436,
          49.9744743
        ]
      },
      "properties": {
        "osmId": "way/209181569",
        "name": "Ставок у саду",
        "nameUk": "Ставок у саду",
        "nameEn": null,
        "water": "water",
        "leisure": null,
        "access": null,
        "source": "OpenStreetMap"
      }
    },
    {
      "type": "Feature",
      "geometry": {
        "type": "Point",
        "coordinates": [
          32.1396771,
          49.9787036
        ]
      },
      "properties": {
        "osmId": "way/209181570",
        "name": "Лисичка",
        "nameUk": "Лисичка",
        "nameEn": null,
        "water": "water",
        "leisure": null,
        "access": null,
        "source": "OpenStreetMap"
      }
    },
    {
      "type": "Feature",
      "geometry": {
        "type": "Point",
        "coordinates": [
          32.145154,
          49.9711581
        ]
      },
      "properties": {
        "osmId": "way/209181571",
        "name": "Панське озеро",
        "nameUk": "Панське озеро",
        "nameEn": null,
        "water": "water",
        "leisure": null,
        "access": null,
        "source": "OpenStreetMap"
      }
    },
    {
      "type": "Feature",
      "geometry": {
        "type": "Point",
        "coordinates": [
          32.2838144,
          50.0158601
        ]
      },
      "properties": {
        "osmId": "way/209238609",
        "name": "Карабані",
        "nameUk": "Карабані",
        "nameEn": null,
        "water": "water",
        "leisure": null,
        "access": null,
        "source": "OpenStreetMap"
      }
    },
    {
      "type": "Feature",
      "geometry": {
        "type": "Point",
        "coordinates": [
          31.9944022,
          50.9281397
        ]
      },
      "properties": {
        "osmId": "way/211750115",
        "name": "Комплекс",
        "nameUk": "Комплекс",
        "nameEn": null,
        "water": "water",
        "leisure": null,
        "access": null,
        "source": "OpenStreetMap"
      }
    },
    {
      "type": "Feature",
      "geometry": {
        "type": "Point",
        "coordinates": [
          29.4643994,
          50.6273211
        ]
      },
      "properties": {
        "osmId": "way/212090442",
        "name": "Кар'єр озеро",
        "nameUk": "Кар'єр озеро",
        "nameEn": null,
        "water": "lake",
        "leisure": null,
        "access": null,
        "source": "OpenStreetMap"
      }
    },
    {
      "type": "Feature",
      "geometry": {
        "type": "Point",
        "coordinates": [
          30.7343649,
          50.1550894
        ]
      },
      "properties": {
        "osmId": "way/218884368",
        "name": "Стугна",
        "nameUk": "Стугна",
        "nameEn": null,
        "water": "river",
        "leisure": null,
        "access": null,
        "source": "OpenStreetMap"
      }
    },
    {
      "type": "Feature",
      "geometry": {
        "type": "Point",
        "coordinates": [
          31.5647022,
          49.8671853
        ]
      },
      "properties": {
        "osmId": "way/220691987",
        "name": "Канівське",
        "nameUk": "Канівське",
        "nameEn": null,
        "water": "lake",
        "leisure": null,
        "access": null,
        "source": "OpenStreetMap"
      }
    },
    {
      "type": "Feature",
      "geometry": {
        "type": "Point",
        "coordinates": [
          31.57069,
          49.8640544
        ]
      },
      "properties": {
        "osmId": "way/220691990",
        "name": "Канівське",
        "nameUk": "Канівське",
        "nameEn": null,
        "water": "lake",
        "leisure": null,
        "access": null,
        "source": "OpenStreetMap"
      }
    },
    {
      "type": "Feature",
      "geometry": {
        "type": "Point",
        "coordinates": [
          30.3076637,
          50.2163406
        ]
      },
      "properties": {
        "osmId": "way/221986411",
        "name": "Водокачка",
        "nameUk": "Водокачка",
        "nameEn": null,
        "water": "pond",
        "leisure": null,
        "access": null,
        "source": "OpenStreetMap"
      }
    },
    {
      "type": "Feature",
      "geometry": {
        "type": "Point",
        "coordinates": [
          30.6774846,
          50.3948254
        ]
      },
      "properties": {
        "osmId": "way/223997546",
        "name": "Аеротенки",
        "nameUk": "Аеротенки",
        "nameEn": "Aerotanks",
        "water": "basin",
        "leisure": null,
        "access": null,
        "source": "OpenStreetMap"
      }
    },
    {
      "type": "Feature",
      "geometry": {
        "type": "Point",
        "coordinates": [
          30.6622628,
          50.3823278
        ]
      },
      "properties": {
        "osmId": "way/223997547",
        "name": "Аеротенкі",
        "nameUk": "Аеротенкі",
        "nameEn": "Aerotanks",
        "water": "basin",
        "leisure": null,
        "access": null,
        "source": "OpenStreetMap"
      }
    },
    {
      "type": "Feature",
      "geometry": {
        "type": "Point",
        "coordinates": [
          30.663304,
          50.3795233
        ]
      },
      "properties": {
        "osmId": "way/223997548",
        "name": "Аеротенкі",
        "nameUk": "Аеротенкі",
        "nameEn": "Aerotanks",
        "water": "basin",
        "leisure": null,
        "access": null,
        "source": "OpenStreetMap"
      }
    },
    {
      "type": "Feature",
      "geometry": {
        "type": "Point",
        "coordinates": [
          30.6662855,
          50.3838097
        ]
      },
      "properties": {
        "osmId": "way/223997549",
        "name": "Аеротенкі",
        "nameUk": "Аеротенкі",
        "nameEn": "Aerotanks",
        "water": "basin",
        "leisure": null,
        "access": null,
        "source": "OpenStreetMap"
      }
    },
    {
      "type": "Feature",
      "geometry": {
        "type": "Point",
        "coordinates": [
          31.9965192,
          50.947835
        ]
      },
      "properties": {
        "osmId": "way/225768597",
        "name": "Старий",
        "nameUk": "Старий",
        "nameEn": "Staryi",
        "water": "pond",
        "leisure": null,
        "access": null,
        "source": "OpenStreetMap"
      }
    },
    {
      "type": "Feature",
      "geometry": {
        "type": "Point",
        "coordinates": [
          31.9920211,
          50.9452824
        ]
      },
      "properties": {
        "osmId": "way/225768624",
        "name": "Новий",
        "nameUk": "Новий",
        "nameEn": "Novyi",
        "water": "pond",
        "leisure": null,
        "access": null,
        "source": "OpenStreetMap"
      }
    },
    {
      "type": "Feature",
      "geometry": {
        "type": "Point",
        "coordinates": [
          30.4926302,
          50.3089086
        ]
      },
      "properties": {
        "osmId": "way/226023797",
        "name": "озеро Безодня",
        "nameUk": "озеро Безодня",
        "nameEn": null,
        "water": "lake",
        "leisure": null,
        "access": null,
        "source": "OpenStreetMap"
      }
    },
    {
      "type": "Feature",
      "geometry": {
        "type": "Point",
        "coordinates": [
          30.6620159,
          50.2256811
        ]
      },
      "properties": {
        "osmId": "way/226558538",
        "name": "Довгеньке озеро",
        "nameUk": "Довгеньке озеро",
        "nameEn": null,
        "water": "lake",
        "leisure": null,
        "access": null,
        "source": "OpenStreetMap"
      }
    },
    {
      "type": "Feature",
      "geometry": {
        "type": "Point",
        "coordinates": [
          30.6630135,
          50.2297875
        ]
      },
      "properties": {
        "osmId": "way/226558539",
        "name": "Рибне озеро",
        "nameUk": "Рибне озеро",
        "nameEn": null,
        "water": "lake",
        "leisure": null,
        "access": null,
        "source": "OpenStreetMap"
      }
    },
    {
      "type": "Feature",
      "geometry": {
        "type": "Point",
        "coordinates": [
          30.6635133,
          50.2291788
        ]
      },
      "properties": {
        "osmId": "way/226558541",
        "name": "Озеро",
        "nameUk": "Озеро",
        "nameEn": null,
        "water": "lake",
        "leisure": null,
        "access": null,
        "source": "OpenStreetMap"
      }
    },
    {
      "type": "Feature",
      "geometry": {
        "type": "Point",
        "coordinates": [
          30.5212955,
          50.2402366
        ]
      },
      "properties": {
        "osmId": "way/226947001",
        "name": "Фільтрат",
        "nameUk": "Фільтрат",
        "nameEn": null,
        "water": "reservoir",
        "leisure": null,
        "access": null,
        "source": "OpenStreetMap"
      }
    },
    {
      "type": "Feature",
      "geometry": {
        "type": "Point",
        "coordinates": [
          31.0697865,
          50.1498394
        ]
      },
      "properties": {
        "osmId": "way/226998789",
        "name": "Заводське озеро",
        "nameUk": "Заводське озеро",
        "nameEn": null,
        "water": "reservoir",
        "leisure": null,
        "access": null,
        "source": "OpenStreetMap"
      }
    },
    {
      "type": "Feature",
      "geometry": {
        "type": "Point",
        "coordinates": [
          30.5528662,
          50.6047014
        ]
      },
      "properties": {
        "osmId": "way/227618060",
        "name": "Пожежна водойма",
        "nameUk": "Пожежна водойма",
        "nameEn": null,
        "water": "water",
        "leisure": null,
        "access": null,
        "source": "OpenStreetMap"
      }
    },
    {
      "type": "Feature",
      "geometry": {
        "type": "Point",
        "coordinates": [
          31.9913304,
          50.9169569
        ]
      },
      "properties": {
        "osmId": "way/227914526",
        "name": "Дудинське",
        "nameUk": "Дудинське",
        "nameEn": null,
        "water": "water",
        "leisure": null,
        "access": null,
        "source": "OpenStreetMap"
      }
    },
    {
      "type": "Feature",
      "geometry": {
        "type": "Point",
        "coordinates": [
          31.7854173,
          51.4111733
        ]
      },
      "properties": {
        "osmId": "way/228483476",
        "name": "Отмик",
        "nameUk": "Отмик",
        "nameEn": null,
        "water": "water",
        "leisure": null,
        "access": null,
        "source": "OpenStreetMap"
      }
    },
    {
      "type": "Feature",
      "geometry": {
        "type": "Point",
        "coordinates": [
          30.8824974,
          50.9789984
        ]
      },
      "properties": {
        "osmId": "way/228626025",
        "name": "Озеро Днище",
        "nameUk": "Озеро Днище",
        "nameEn": null,
        "water": "water",
        "leisure": null,
        "access": null,
        "source": "OpenStreetMap"
      }
    },
    {
      "type": "Feature",
      "geometry": {
        "type": "Point",
        "coordinates": [
          30.8810185,
          50.974508
        ]
      },
      "properties": {
        "osmId": "way/228626028",
        "name": "Озеро Затон",
        "nameUk": "Озеро Затон",
        "nameEn": null,
        "water": "water",
        "leisure": null,
        "access": null,
        "source": "OpenStreetMap"
      }
    },
    {
      "type": "Feature",
      "geometry": {
        "type": "Point",
        "coordinates": [
          30.8940377,
          50.9831791
        ]
      },
      "properties": {
        "osmId": "way/228712748",
        "name": "Озеро Млиновище",
        "nameUk": "Озеро Млиновище",
        "nameEn": null,
        "water": "water",
        "leisure": null,
        "access": null,
        "source": "OpenStreetMap"
      }
    },
    {
      "type": "Feature",
      "geometry": {
        "type": "Point",
        "coordinates": [
          30.8910446,
          50.9874258
        ]
      },
      "properties": {
        "osmId": "way/228713236",
        "name": "Озеро Ражище",
        "nameUk": "Озеро Ражище",
        "nameEn": null,
        "water": "water",
        "leisure": null,
        "access": null,
        "source": "OpenStreetMap"
      }
    },
    {
      "type": "Feature",
      "geometry": {
        "type": "Point",
        "coordinates": [
          30.8890519,
          50.9913934
        ]
      },
      "properties": {
        "osmId": "way/228714060",
        "name": "Озеро Волкуш",
        "nameUk": "Озеро Волкуш",
        "nameEn": null,
        "water": "water",
        "leisure": null,
        "access": null,
        "source": "OpenStreetMap"
      }
    },
    {
      "type": "Feature",
      "geometry": {
        "type": "Point",
        "coordinates": [
          30.6018766,
          51.0395063
        ]
      },
      "properties": {
        "osmId": "way/229081458",
        "name": "Обводной канал",
        "nameUk": "Обводной канал",
        "nameEn": null,
        "water": "river",
        "leisure": null,
        "access": null,
        "source": "OpenStreetMap"
      }
    },
    {
      "type": "Feature",
      "geometry": {
        "type": "Point",
        "coordinates": [
          31.6143858,
          50.2016867
        ]
      },
      "properties": {
        "osmId": "way/230863408",
        "name": "Нетеча",
        "nameUk": "Нетеча",
        "nameEn": null,
        "water": "water",
        "leisure": null,
        "access": null,
        "source": "OpenStreetMap"
      }
    },
    {
      "type": "Feature",
      "geometry": {
        "type": "Point",
        "coordinates": [
          31.3162771,
          50.3198616
        ]
      },
      "properties": {
        "osmId": "way/230980036",
        "name": "Полотняне озеро",
        "nameUk": "Полотняне озеро",
        "nameEn": null,
        "water": "lake",
        "leisure": null,
        "access": null,
        "source": "OpenStreetMap"
      }
    },
    {
      "type": "Feature",
      "geometry": {
        "type": "Point",
        "coordinates": [
          30.706424,
          50.4678718
        ]
      },
      "properties": {
        "osmId": "way/231195055",
        "name": "Рибне",
        "nameUk": "Рибне",
        "nameEn": "Rybne",
        "water": "water",
        "leisure": null,
        "access": null,
        "source": "OpenStreetMap"
      }
    },
    {
      "type": "Feature",
      "geometry": {
        "type": "Point",
        "coordinates": [
          31.602386,
          50.2095705
        ]
      },
      "properties": {
        "osmId": "way/231243688",
        "name": "Ліски",
        "nameUk": "Ліски",
        "nameEn": null,
        "water": "water",
        "leisure": null,
        "access": null,
        "source": "OpenStreetMap"
      }
    },
    {
      "type": "Feature",
      "geometry": {
        "type": "Point",
        "coordinates": [
          30.8918078,
          50.5930718
        ]
      },
      "properties": {
        "osmId": "way/231498599",
        "name": "Сахнюкова",
        "nameUk": "Сахнюкова",
        "nameEn": null,
        "water": "water",
        "leisure": null,
        "access": null,
        "source": "OpenStreetMap"
      }
    },
    {
      "type": "Feature",
      "geometry": {
        "type": "Point",
        "coordinates": [
          30.8955358,
          50.5191821
        ]
      },
      "properties": {
        "osmId": "way/231499815",
        "name": "Боровкове",
        "nameUk": "Боровкове",
        "nameEn": null,
        "water": "water",
        "leisure": null,
        "access": null,
        "source": "OpenStreetMap"
      }
    },
    {
      "type": "Feature",
      "geometry": {
        "type": "Point",
        "coordinates": [
          31.5952684,
          50.189234
        ]
      },
      "properties": {
        "osmId": "way/231800799",
        "name": "Біле озеро",
        "nameUk": "Біле озеро",
        "nameEn": null,
        "water": "water",
        "leisure": null,
        "access": null,
        "source": "OpenStreetMap"
      }
    },
    {
      "type": "Feature",
      "geometry": {
        "type": "Point",
        "coordinates": [
          32.0953361,
          51.186924
        ]
      },
      "properties": {
        "osmId": "way/232320525",
        "name": "Горіле",
        "nameUk": "Горіле",
        "nameEn": null,
        "water": "lake;pond",
        "leisure": null,
        "access": null,
        "source": "OpenStreetMap"
      }
    },
    {
      "type": "Feature",
      "geometry": {
        "type": "Point",
        "coordinates": [
          30.0137098,
          49.9644619
        ]
      },
      "properties": {
        "osmId": "way/233481832",
        "name": "Громадський ставок",
        "nameUk": "Громадський ставок",
        "nameEn": null,
        "water": "pond",
        "leisure": null,
        "access": null,
        "source": "OpenStreetMap"
      }
    },
    {
      "type": "Feature",
      "geometry": {
        "type": "Point",
        "coordinates": [
          30.394794,
          49.9465902
        ]
      },
      "properties": {
        "osmId": "way/233484312",
        "name": "Великий ставок",
        "nameUk": "Великий ставок",
        "nameEn": null,
        "water": "pond",
        "leisure": null,
        "access": null,
        "source": "OpenStreetMap"
      }
    },
    {
      "type": "Feature",
      "geometry": {
        "type": "Point",
        "coordinates": [
          30.3865658,
          49.9450927
        ]
      },
      "properties": {
        "osmId": "way/233484321",
        "name": "Садовий ставок",
        "nameUk": "Садовий ставок",
        "nameEn": null,
        "water": "pond",
        "leisure": null,
        "access": null,
        "source": "OpenStreetMap"
      }
    },
    {
      "type": "Feature",
      "geometry": {
        "type": "Point",
        "coordinates": [
          29.7252809,
          50.4555026
        ]
      },
      "properties": {
        "osmId": "way/235087031",
        "name": "Озеро Водоради (Зурівка)",
        "nameUk": "Озеро Водоради (Зурівка)",
        "nameEn": null,
        "water": "water",
        "leisure": null,
        "access": null,
        "source": "OpenStreetMap"
      }
    },
    {
      "type": "Feature",
      "geometry": {
        "type": "Point",
        "coordinates": [
          29.727427,
          50.4275097
        ]
      },
      "properties": {
        "osmId": "way/235093047",
        "name": "Водоради",
        "nameUk": "Водоради",
        "nameEn": "Vodorady Lake",
        "water": "lake",
        "leisure": null,
        "access": null,
        "source": "OpenStreetMap"
      }
    },
    {
      "type": "Feature",
      "geometry": {
        "type": "Point",
        "coordinates": [
          30.6183356,
          50.3682321
        ]
      },
      "properties": {
        "osmId": "way/235184766",
        "name": "Стадне",
        "nameUk": "Стадне",
        "nameEn": null,
        "water": "lake",
        "leisure": null,
        "access": null,
        "source": "OpenStreetMap"
      }
    },
    {
      "type": "Feature",
      "geometry": {
        "type": "Point",
        "coordinates": [
          31.0655879,
          50.4491906
        ]
      },
      "properties": {
        "osmId": "way/235809911",
        "name": "Куликівське озеро",
        "nameUk": "Куликівське озеро",
        "nameEn": null,
        "water": "reservoir",
        "leisure": null,
        "access": null,
        "source": "OpenStreetMap"
      }
    },
    {
      "type": "Feature",
      "geometry": {
        "type": "Point",
        "coordinates": [
          30.4774273,
          50.4049865
        ]
      },
      "properties": {
        "osmId": "way/235862055",
        "name": "Купіль",
        "nameUk": "Купіль",
        "nameEn": null,
        "water": "reservoir",
        "leisure": null,
        "access": null,
        "source": "OpenStreetMap"
      }
    },
    {
      "type": "Feature",
      "geometry": {
        "type": "Point",
        "coordinates": [
          30.4118901,
          50.9340494
        ]
      },
      "properties": {
        "osmId": "way/237671306",
        "name": "Озера рибгоспу",
        "nameUk": "Озера рибгоспу",
        "nameEn": null,
        "water": "water",
        "leisure": "fishing",
        "access": null,
        "source": "OpenStreetMap"
      }
    },
    {
      "type": "Feature",
      "geometry": {
        "type": "Point",
        "coordinates": [
          30.4059076,
          50.9294716
        ]
      },
      "properties": {
        "osmId": "way/237671307",
        "name": "Озера рибгоспу",
        "nameUk": "Озера рибгоспу",
        "nameEn": null,
        "water": "water",
        "leisure": "fishing",
        "access": null,
        "source": "OpenStreetMap"
      }
    },
    {
      "type": "Feature",
      "geometry": {
        "type": "Point",
        "coordinates": [
          30.4196432,
          50.9212857
        ]
      },
      "properties": {
        "osmId": "way/237671308",
        "name": "Озера рибгоспу",
        "nameUk": "Озера рибгоспу",
        "nameEn": null,
        "water": "water",
        "leisure": "fishing",
        "access": null,
        "source": "OpenStreetMap"
      }
    },
    {
      "type": "Feature",
      "geometry": {
        "type": "Point",
        "coordinates": [
          30.433804,
          50.9173161
        ]
      },
      "properties": {
        "osmId": "way/237671309",
        "name": "Озера рибгоспу",
        "nameUk": "Озера рибгоспу",
        "nameEn": null,
        "water": "water",
        "leisure": null,
        "access": null,
        "source": "OpenStreetMap"
      }
    },
    {
      "type": "Feature",
      "geometry": {
        "type": "Point",
        "coordinates": [
          30.4320366,
          50.9156624
        ]
      },
      "properties": {
        "osmId": "way/237671310",
        "name": "Озера рибгоспу",
        "nameUk": "Озера рибгоспу",
        "nameEn": null,
        "water": "water",
        "leisure": null,
        "access": null,
        "source": "OpenStreetMap"
      }
    },
    {
      "type": "Feature",
      "geometry": {
        "type": "Point",
        "coordinates": [
          29.2119895,
          50.4744233
        ]
      },
      "properties": {
        "osmId": "way/238112893",
        "name": "Папірнянський став",
        "nameUk": "Папірнянський став",
        "nameEn": null,
        "water": "water",
        "leisure": null,
        "access": null,
        "source": "OpenStreetMap"
      }
    },
    {
      "type": "Feature",
      "geometry": {
        "type": "Point",
        "coordinates": [
          30.8675577,
          50.1753353
        ]
      },
      "properties": {
        "osmId": "way/240824817",
        "name": "Утельне",
        "nameUk": "Утельне",
        "nameEn": null,
        "water": "water",
        "leisure": null,
        "access": null,
        "source": "OpenStreetMap"
      }
    },
    {
      "type": "Feature",
      "geometry": {
        "type": "Point",
        "coordinates": [
          30.7710826,
          50.0634023
        ]
      },
      "properties": {
        "osmId": "way/244666121",
        "name": "озеро Бобриця",
        "nameUk": "озеро Бобриця",
        "nameEn": null,
        "water": "lake",
        "leisure": null,
        "access": null,
        "source": "OpenStreetMap"
      }
    },
    {
      "type": "Feature",
      "geometry": {
        "type": "Point",
        "coordinates": [
          30.2255966,
          50.4297554
        ]
      },
      "properties": {
        "osmId": "way/253517633",
        "name": "Риболовний ставок",
        "nameUk": "Риболовний ставок",
        "nameEn": "Fishing lake",
        "water": "water",
        "leisure": null,
        "access": null,
        "source": "OpenStreetMap"
      }
    },
    {
      "type": "Feature",
      "geometry": {
        "type": "Point",
        "coordinates": [
          29.2095137,
          50.8277885
        ]
      },
      "properties": {
        "osmId": "way/253571859",
        "name": "Маркове озеро",
        "nameUk": "Маркове озеро",
        "nameEn": null,
        "water": "water",
        "leisure": null,
        "access": null,
        "source": "OpenStreetMap"
      }
    },
    {
      "type": "Feature",
      "geometry": {
        "type": "Point",
        "coordinates": [
          29.9301443,
          50.8285817
        ]
      },
      "properties": {
        "osmId": "way/255092727",
        "name": "Став на Талі",
        "nameUk": "Став на Талі",
        "nameEn": null,
        "water": "water",
        "leisure": null,
        "access": null,
        "source": "OpenStreetMap"
      }
    },
    {
      "type": "Feature",
      "geometry": {
        "type": "Point",
        "coordinates": [
          30.9846384,
          50.5049497
        ]
      },
      "properties": {
        "osmId": "way/259043386",
        "name": "Піщанка",
        "nameUk": "Піщанка",
        "nameEn": null,
        "water": "lake",
        "leisure": null,
        "access": null,
        "source": "OpenStreetMap"
      }
    },
    {
      "type": "Feature",
      "geometry": {
        "type": "Point",
        "coordinates": [
          30.1105526,
          51.4039494
        ]
      },
      "properties": {
        "osmId": "way/260103195",
        "name": "Азбучин",
        "nameUk": "Азбучин",
        "nameEn": null,
        "water": "lake",
        "leisure": null,
        "access": null,
        "source": "OpenStreetMap"
      }
    },
    {
      "type": "Feature",
      "geometry": {
        "type": "Point",
        "coordinates": [
          31.041672,
          49.9701149
        ]
      },
      "properties": {
        "osmId": "way/270964094",
        "name": "Леглич",
        "nameUk": "Леглич",
        "nameEn": null,
        "water": "water",
        "leisure": null,
        "access": null,
        "source": "OpenStreetMap"
      }
    },
    {
      "type": "Feature",
      "geometry": {
        "type": "Point",
        "coordinates": [
          31.2696256,
          50.5993398
        ]
      },
      "properties": {
        "osmId": "way/280225580",
        "name": "Галастинська",
        "nameUk": "Галастинська",
        "nameEn": null,
        "water": "pond",
        "leisure": null,
        "access": null,
        "source": "OpenStreetMap"
      }
    },
    {
      "type": "Feature",
      "geometry": {
        "type": "Point",
        "coordinates": [
          31.3306633,
          50.6381159
        ]
      },
      "properties": {
        "osmId": "way/280226905",
        "name": "Зубовський",
        "nameUk": "Зубовський",
        "nameEn": null,
        "water": "pond",
        "leisure": null,
        "access": null,
        "source": "OpenStreetMap"
      }
    },
    {
      "type": "Feature",
      "geometry": {
        "type": "Point",
        "coordinates": [
          31.3203579,
          50.6607707
        ]
      },
      "properties": {
        "osmId": "way/280226906",
        "name": "Климовщина",
        "nameUk": "Климовщина",
        "nameEn": null,
        "water": "pond",
        "leisure": null,
        "access": null,
        "source": "OpenStreetMap"
      }
    },
    {
      "type": "Feature",
      "geometry": {
        "type": "Point",
        "coordinates": [
          31.3105497,
          50.6439661
        ]
      },
      "properties": {
        "osmId": "way/280244912",
        "name": "Йонова",
        "nameUk": "Йонова",
        "nameEn": null,
        "water": "pond",
        "leisure": null,
        "access": null,
        "source": "OpenStreetMap"
      }
    },
    {
      "type": "Feature",
      "geometry": {
        "type": "Point",
        "coordinates": [
          30.1145153,
          50.3907095
        ]
      },
      "properties": {
        "osmId": "way/280468135",
        "name": "Трофейне озеро",
        "nameUk": "Трофейне озеро",
        "nameEn": null,
        "water": "lake",
        "leisure": null,
        "access": null,
        "source": "OpenStreetMap"
      }
    },
    {
      "type": "Feature",
      "geometry": {
        "type": "Point",
        "coordinates": [
          29.780676,
          50.4728729
        ]
      },
      "properties": {
        "osmId": "way/282337635",
        "name": "Міліоративний ставок",
        "nameUk": "Міліоративний ставок",
        "nameEn": null,
        "water": "pond",
        "leisure": null,
        "access": null,
        "source": "OpenStreetMap"
      }
    },
    {
      "type": "Feature",
      "geometry": {
        "type": "Point",
        "coordinates": [
          30.8846408,
          50.2443469
        ]
      },
      "properties": {
        "osmId": "way/282857613",
        "name": "Байкал",
        "nameUk": "Байкал",
        "nameEn": null,
        "water": "pond",
        "leisure": null,
        "access": null,
        "source": "OpenStreetMap"
      }
    },
    {
      "type": "Feature",
      "geometry": {
        "type": "Point",
        "coordinates": [
          29.9450565,
          50.6441759
        ]
      },
      "properties": {
        "osmId": "way/283794155",
        "name": "Баня",
        "nameUk": "Баня",
        "nameEn": null,
        "water": "water",
        "leisure": null,
        "access": null,
        "source": "OpenStreetMap"
      }
    },
    {
      "type": "Feature",
      "geometry": {
        "type": "Point",
        "coordinates": [
          29.9654537,
          50.663508
        ]
      },
      "properties": {
        "osmId": "way/283794156",
        "name": "Інтернат",
        "nameUk": "Інтернат",
        "nameEn": null,
        "water": "water",
        "leisure": null,
        "access": null,
        "source": "OpenStreetMap"
      }
    },
    {
      "type": "Feature",
      "geometry": {
        "type": "Point",
        "coordinates": [
          29.9729679,
          50.6579338
        ]
      },
      "properties": {
        "osmId": "way/283794162",
        "name": "Ігнатова",
        "nameUk": "Ігнатова",
        "nameEn": null,
        "water": "water",
        "leisure": null,
        "access": null,
        "source": "OpenStreetMap"
      }
    },
    {
      "type": "Feature",
      "geometry": {
        "type": "Point",
        "coordinates": [
          29.9524616,
          50.6682836
        ]
      },
      "properties": {
        "osmId": "way/283794164",
        "name": "Курятник",
        "nameUk": "Курятник",
        "nameEn": null,
        "water": "water",
        "leisure": null,
        "access": null,
        "source": "OpenStreetMap"
      }
    },
    {
      "type": "Feature",
      "geometry": {
        "type": "Point",
        "coordinates": [
          31.190839,
          50.0210853
        ]
      },
      "properties": {
        "osmId": "way/287823263",
        "name": "Вересовате озеро",
        "nameUk": "Вересовате озеро",
        "nameEn": null,
        "water": "lake",
        "leisure": null,
        "access": null,
        "source": "OpenStreetMap"
      }
    },
    {
      "type": "Feature",
      "geometry": {
        "type": "Point",
        "coordinates": [
          31.1841939,
          50.0164807
        ]
      },
      "properties": {
        "osmId": "way/287823370",
        "name": "Хрещате озеро",
        "nameUk": "Хрещате озеро",
        "nameEn": null,
        "water": "lake",
        "leisure": null,
        "access": null,
        "source": "OpenStreetMap"
      }
    },
    {
      "type": "Feature",
      "geometry": {
        "type": "Point",
        "coordinates": [
          31.1920414,
          51.3796898
        ]
      },
      "properties": {
        "osmId": "way/287848414",
        "name": "Розеваха",
        "nameUk": "Розеваха",
        "nameEn": null,
        "water": "water",
        "leisure": null,
        "access": null,
        "source": "OpenStreetMap"
      }
    },
    {
      "type": "Feature",
      "geometry": {
        "type": "Point",
        "coordinates": [
          31.206112,
          51.3853827
        ]
      },
      "properties": {
        "osmId": "way/287855872",
        "name": "Перекоп",
        "nameUk": "Перекоп",
        "nameEn": null,
        "water": "water",
        "leisure": null,
        "access": null,
        "source": "OpenStreetMap"
      }
    },
    {
      "type": "Feature",
      "geometry": {
        "type": "Point",
        "coordinates": [
          30.3372769,
          50.5453081
        ]
      },
      "properties": {
        "osmId": "way/288305740",
        "name": "Риборозводне господарство",
        "nameUk": "Риборозводне господарство",
        "nameEn": null,
        "water": "pond",
        "leisure": null,
        "access": null,
        "source": "OpenStreetMap"
      }
    },
    {
      "type": "Feature",
      "geometry": {
        "type": "Point",
        "coordinates": [
          30.0151783,
          51.3141427
        ]
      },
      "properties": {
        "osmId": "way/291341207",
        "name": "Ковтеп",
        "nameUk": "Ковтеп",
        "nameEn": "Kovtep",
        "water": "lake",
        "leisure": null,
        "access": null,
        "source": "OpenStreetMap"
      }
    },
    {
      "type": "Feature",
      "geometry": {
        "type": "Point",
        "coordinates": [
          30.5718917,
          50.5128188
        ]
      },
      "properties": {
        "osmId": "way/302032404",
        "name": "Рудиця",
        "nameUk": "Рудиця",
        "nameEn": null,
        "water": "lake",
        "leisure": null,
        "access": null,
        "source": "OpenStreetMap"
      }
    },
    {
      "type": "Feature",
      "geometry": {
        "type": "Point",
        "coordinates": [
          31.7605806,
          50.502713
        ]
      },
      "properties": {
        "osmId": "way/303447302",
        "name": "Аренда",
        "nameUk": "Аренда",
        "nameEn": "Arenda",
        "water": "pond",
        "leisure": null,
        "access": null,
        "source": "OpenStreetMap"
      }
    },
    {
      "type": "Feature",
      "geometry": {
        "type": "Point",
        "coordinates": [
          31.0769843,
          51.2842792
        ]
      },
      "properties": {
        "osmId": "way/305086069",
        "name": "Борова",
        "nameUk": "Борова",
        "nameEn": null,
        "water": "water",
        "leisure": null,
        "access": null,
        "source": "OpenStreetMap"
      }
    },
    {
      "type": "Feature",
      "geometry": {
        "type": "Point",
        "coordinates": [
          31.2372812,
          51.3657523
        ]
      },
      "properties": {
        "osmId": "way/305377204",
        "name": "Земснаряд",
        "nameUk": "Земснаряд",
        "nameEn": null,
        "water": "pond",
        "leisure": null,
        "access": null,
        "source": "OpenStreetMap"
      }
    },
    {
      "type": "Feature",
      "geometry": {
        "type": "Point",
        "coordinates": [
          30.6263838,
          50.2816641
        ]
      },
      "properties": {
        "osmId": "way/306707380",
        "name": "озеро Конча",
        "nameUk": "озеро Конча",
        "nameEn": "Koncha lake",
        "water": "lake",
        "leisure": null,
        "access": null,
        "source": "OpenStreetMap"
      }
    },
    {
      "type": "Feature",
      "geometry": {
        "type": "Point",
        "coordinates": [
          30.6209806,
          50.2718668
        ]
      },
      "properties": {
        "osmId": "way/306708412",
        "name": "озеро Конча",
        "nameUk": "Конча",
        "nameEn": "Koncha",
        "water": "lake",
        "leisure": null,
        "access": null,
        "source": "OpenStreetMap"
      }
    },
    {
      "type": "Feature",
      "geometry": {
        "type": "Point",
        "coordinates": [
          30.614339,
          50.2771987
        ]
      },
      "properties": {
        "osmId": "way/306712116",
        "name": "озеро Конча",
        "nameUk": "озеро Конча",
        "nameEn": "Koncha lake",
        "water": "lake",
        "leisure": null,
        "access": null,
        "source": "OpenStreetMap"
      }
    },
    {
      "type": "Feature",
      "geometry": {
        "type": "Point",
        "coordinates": [
          29.5160213,
          50.6530535
        ]
      },
      "properties": {
        "osmId": "way/312103799",
        "name": "Вишівське багно",
        "nameUk": "Вишівське багно",
        "nameEn": null,
        "water": "lake",
        "leisure": null,
        "access": null,
        "source": "OpenStreetMap"
      }
    },
    {
      "type": "Feature",
      "geometry": {
        "type": "Point",
        "coordinates": [
          29.5716357,
          50.6966204
        ]
      },
      "properties": {
        "osmId": "way/312103818",
        "name": "Мурашків-Лебедине",
        "nameUk": "Мурашків-Лебедине",
        "nameEn": null,
        "water": "lake",
        "leisure": null,
        "access": null,
        "source": "OpenStreetMap"
      }
    },
    {
      "type": "Feature",
      "geometry": {
        "type": "Point",
        "coordinates": [
          29.5811736,
          50.7136393
        ]
      },
      "properties": {
        "osmId": "way/312103829",
        "name": "Осушне озеро",
        "nameUk": "Осушне озеро",
        "nameEn": null,
        "water": "lake",
        "leisure": null,
        "access": null,
        "source": "OpenStreetMap"
      }
    },
    {
      "type": "Feature",
      "geometry": {
        "type": "Point",
        "coordinates": [
          29.7919287,
          50.4680161
        ]
      },
      "properties": {
        "osmId": "way/312753247",
        "name": "Відстійники",
        "nameUk": "Відстійники",
        "nameEn": null,
        "water": "water",
        "leisure": null,
        "access": null,
        "source": "OpenStreetMap"
      }
    },
    {
      "type": "Feature",
      "geometry": {
        "type": "Point",
        "coordinates": [
          30.6930828,
          50.4628522
        ]
      },
      "properties": {
        "osmId": "way/313017875",
        "name": "Пляхово",
        "nameUk": "Пляхово",
        "nameEn": null,
        "water": "pond",
        "leisure": null,
        "access": null,
        "source": "OpenStreetMap"
      }
    },
    {
      "type": "Feature",
      "geometry": {
        "type": "Point",
        "coordinates": [
          31.0752923,
          50.3614046
        ]
      },
      "properties": {
        "osmId": "way/319114374",
        "name": "Технічна водойма",
        "nameUk": "Технічна водойма",
        "nameEn": null,
        "water": "water",
        "leisure": null,
        "access": null,
        "source": "OpenStreetMap"
      }
    },
    {
      "type": "Feature",
      "geometry": {
        "type": "Point",
        "coordinates": [
          30.8999385,
          50.4827186
        ]
      },
      "properties": {
        "osmId": "way/319823793",
        "name": "Шелуха",
        "nameUk": "Шелуха",
        "nameEn": null,
        "water": "lake",
        "leisure": null,
        "access": null,
        "source": "OpenStreetMap"
      }
    },
    {
      "type": "Feature",
      "geometry": {
        "type": "Point",
        "coordinates": [
          30.9113531,
          50.4889675
        ]
      },
      "properties": {
        "osmId": "way/319823798",
        "name": "Яреське озеро",
        "nameUk": "Яреське озеро",
        "nameEn": null,
        "water": "water",
        "leisure": null,
        "access": null,
        "source": "OpenStreetMap"
      }
    },
    {
      "type": "Feature",
      "geometry": {
        "type": "Point",
        "coordinates": [
          31.0959923,
          51.1663753
        ]
      },
      "properties": {
        "osmId": "way/321248551",
        "name": "Млинок",
        "nameUk": "Млинок",
        "nameEn": null,
        "water": "water",
        "leisure": null,
        "access": null,
        "source": "OpenStreetMap"
      }
    },
    {
      "type": "Feature",
      "geometry": {
        "type": "Point",
        "coordinates": [
          31.1838389,
          51.1327619
        ]
      },
      "properties": {
        "osmId": "way/321283847",
        "name": "Гнилець",
        "nameUk": "Гнилець",
        "nameEn": null,
        "water": "water",
        "leisure": null,
        "access": null,
        "source": "OpenStreetMap"
      }
    },
    {
      "type": "Feature",
      "geometry": {
        "type": "Point",
        "coordinates": [
          31.1901915,
          51.1412543
        ]
      },
      "properties": {
        "osmId": "way/321283848",
        "name": "Купне",
        "nameUk": "Купне",
        "nameEn": null,
        "water": "water",
        "leisure": null,
        "access": null,
        "source": "OpenStreetMap"
      }
    },
    {
      "type": "Feature",
      "geometry": {
        "type": "Point",
        "coordinates": [
          31.1761635,
          51.1417342
        ]
      },
      "properties": {
        "osmId": "way/321284003",
        "name": "Амазонка",
        "nameUk": "Амазонка",
        "nameEn": null,
        "water": "water",
        "leisure": null,
        "access": null,
        "source": "OpenStreetMap"
      }
    },
    {
      "type": "Feature",
      "geometry": {
        "type": "Point",
        "coordinates": [
          30.3056281,
          50.723563
        ]
      },
      "properties": {
        "osmId": "way/324868729",
        "name": "Ірпінь-Демидівський став",
        "nameUk": "Ірпінь-Демидівський став",
        "nameEn": null,
        "water": "pond",
        "leisure": null,
        "access": null,
        "source": "OpenStreetMap"
      }
    },
    {
      "type": "Feature",
      "geometry": {
        "type": "Point",
        "coordinates": [
          32.1496987,
          51.3612011
        ]
      },
      "properties": {
        "osmId": "way/324982019",
        "name": "Ворона",
        "nameUk": "Ворона",
        "nameEn": null,
        "water": "lake",
        "leisure": null,
        "access": null,
        "source": "OpenStreetMap"
      }
    },
    {
      "type": "Feature",
      "geometry": {
        "type": "Point",
        "coordinates": [
          30.2377434,
          50.540625
        ]
      },
      "properties": {
        "osmId": "way/329493511",
        "name": "Земснаряд",
        "nameUk": "Земснаряд",
        "nameEn": null,
        "water": "water",
        "leisure": null,
        "access": null,
        "source": "OpenStreetMap"
      }
    },
    {
      "type": "Feature",
      "geometry": {
        "type": "Point",
        "coordinates": [
          30.0896794,
          51.4416349
        ]
      },
      "properties": {
        "osmId": "way/332154211",
        "name": "Стариця озера",
        "nameUk": "Стариця озера",
        "nameEn": "Oxbow Lake",
        "water": "water",
        "leisure": null,
        "access": null,
        "source": "OpenStreetMap"
      }
    },
    {
      "type": "Feature",
      "geometry": {
        "type": "Point",
        "coordinates": [
          30.0637785,
          51.4419685
        ]
      },
      "properties": {
        "osmId": "way/332154212",
        "name": "Глибоке озеро",
        "nameUk": "Глибоке озеро",
        "nameEn": "Hlyboke Lake",
        "water": "lake",
        "leisure": null,
        "access": null,
        "source": "OpenStreetMap"
      }
    },
    {
      "type": "Feature",
      "geometry": {
        "type": "Point",
        "coordinates": [
          30.6484983,
          50.2495214
        ]
      },
      "properties": {
        "osmId": "way/335559191",
        "name": "Зелене озеро",
        "nameUk": "Зелене озеро",
        "nameEn": null,
        "water": "lake",
        "leisure": null,
        "access": null,
        "source": "OpenStreetMap"
      }
    },
    {
      "type": "Feature",
      "geometry": {
        "type": "Point",
        "coordinates": [
          30.6643376,
          50.2490825
        ]
      },
      "properties": {
        "osmId": "way/335588205",
        "name": "Озеро",
        "nameUk": "Озеро",
        "nameEn": null,
        "water": "lake",
        "leisure": null,
        "access": null,
        "source": "OpenStreetMap"
      }
    },
    {
      "type": "Feature",
      "geometry": {
        "type": "Point",
        "coordinates": [
          31.3127499,
          50.3639446
        ]
      },
      "properties": {
        "osmId": "way/341926291",
        "name": "На Толстого",
        "nameUk": "На Толстого",
        "nameEn": null,
        "water": "pond",
        "leisure": null,
        "access": null,
        "source": "OpenStreetMap"
      }
    },
    {
      "type": "Feature",
      "geometry": {
        "type": "Point",
        "coordinates": [
          29.9246177,
          50.6886901
        ]
      },
      "properties": {
        "osmId": "way/342458628",
        "name": "Марковщина",
        "nameUk": "Марковщина",
        "nameEn": null,
        "water": "lake",
        "leisure": null,
        "access": null,
        "source": "OpenStreetMap"
      }
    },
    {
      "type": "Feature",
      "geometry": {
        "type": "Point",
        "coordinates": [
          29.9279354,
          50.699275
        ]
      },
      "properties": {
        "osmId": "way/342459989",
        "name": "Пожежне озеро",
        "nameUk": "Пожежне озеро",
        "nameEn": null,
        "water": "lake",
        "leisure": null,
        "access": null,
        "source": "OpenStreetMap"
      }
    },
    {
      "type": "Feature",
      "geometry": {
        "type": "Point",
        "coordinates": [
          29.2845304,
          50.5138982
        ]
      },
      "properties": {
        "osmId": "way/350942696",
        "name": "Камʼяне озеро",
        "nameUk": "Камʼяне озеро",
        "nameEn": null,
        "water": "water",
        "leisure": null,
        "access": null,
        "source": "OpenStreetMap"
      }
    },
    {
      "type": "Feature",
      "geometry": {
        "type": "Point",
        "coordinates": [
          30.7374278,
          50.8048098
        ]
      },
      "properties": {
        "osmId": "way/352493979",
        "name": "\"Домаха\"",
        "nameUk": "\"Домаха\"",
        "nameEn": null,
        "water": "lake",
        "leisure": null,
        "access": null,
        "source": "OpenStreetMap"
      }
    },
    {
      "type": "Feature",
      "geometry": {
        "type": "Point",
        "coordinates": [
          30.7398536,
          50.7973511
        ]
      },
      "properties": {
        "osmId": "way/352493981",
        "name": "Пудстань",
        "nameUk": "Пудстань",
        "nameEn": null,
        "water": "lake",
        "leisure": null,
        "access": null,
        "source": "OpenStreetMap"
      }
    },
    {
      "type": "Feature",
      "geometry": {
        "type": "Point",
        "coordinates": [
          30.786892,
          49.8505934
        ]
      },
      "properties": {
        "osmId": "way/360567702",
        "name": "Відстійники",
        "nameUk": "Відстійники",
        "nameEn": null,
        "water": "water",
        "leisure": null,
        "access": null,
        "source": "OpenStreetMap"
      }
    },
    {
      "type": "Feature",
      "geometry": {
        "type": "Point",
        "coordinates": [
          30.3012045,
          50.2854376
        ]
      },
      "properties": {
        "osmId": "way/360701811",
        "name": "Іванківський ставок",
        "nameUk": "Іванківський ставок",
        "nameEn": null,
        "water": "lake",
        "leisure": null,
        "access": null,
        "source": "OpenStreetMap"
      }
    },
    {
      "type": "Feature",
      "geometry": {
        "type": "Point",
        "coordinates": [
          30.5018895,
          50.5440251
        ]
      },
      "properties": {
        "osmId": "way/363732136",
        "name": "Озеро Лукове",
        "nameUk": "Озеро Лукове",
        "nameEn": null,
        "water": "reservoir",
        "leisure": null,
        "access": null,
        "source": "OpenStreetMap"
      }
    },
    {
      "type": "Feature",
      "geometry": {
        "type": "Point",
        "coordinates": [
          30.1099167,
          50.2134208
        ]
      },
      "properties": {
        "osmId": "way/363753140",
        "name": "Озеро копанка",
        "nameUk": "Озеро копанка",
        "nameEn": null,
        "water": "lake",
        "leisure": null,
        "access": null,
        "source": "OpenStreetMap"
      }
    },
    {
      "type": "Feature",
      "geometry": {
        "type": "Point",
        "coordinates": [
          30.6548487,
          50.2269609
        ]
      },
      "properties": {
        "osmId": "way/365984501",
        "name": "Дихавка",
        "nameUk": "Дихавка",
        "nameEn": null,
        "water": "lake",
        "leisure": null,
        "access": null,
        "source": "OpenStreetMap"
      }
    },
    {
      "type": "Feature",
      "geometry": {
        "type": "Point",
        "coordinates": [
          31.890326,
          51.0508005
        ]
      },
      "properties": {
        "osmId": "way/366126277",
        "name": "Остер",
        "nameUk": "Остер",
        "nameEn": "Oster",
        "water": "river",
        "leisure": null,
        "access": null,
        "source": "OpenStreetMap"
      }
    },
    {
      "type": "Feature",
      "geometry": {
        "type": "Point",
        "coordinates": [
          30.158775,
          50.3989623
        ]
      },
      "properties": {
        "osmId": "way/368134699",
        "name": "Михайлина",
        "nameUk": "Михайлина",
        "nameEn": null,
        "water": "lake",
        "leisure": null,
        "access": null,
        "source": "OpenStreetMap"
      }
    },
    {
      "type": "Feature",
      "geometry": {
        "type": "Point",
        "coordinates": [
          29.5781847,
          50.6688144
        ]
      },
      "properties": {
        "osmId": "way/374331642",
        "name": "Підгірна",
        "nameUk": "Підгірна",
        "nameEn": null,
        "water": "water",
        "leisure": null,
        "access": null,
        "source": "OpenStreetMap"
      }
    },
    {
      "type": "Feature",
      "geometry": {
        "type": "Point",
        "coordinates": [
          30.468572,
          50.1449392
        ]
      },
      "properties": {
        "osmId": "way/375398270",
        "name": "Смарагдове озеро",
        "nameUk": "Смарагдове озеро",
        "nameEn": null,
        "water": "lake",
        "leisure": null,
        "access": null,
        "source": "OpenStreetMap"
      }
    },
    {
      "type": "Feature",
      "geometry": {
        "type": "Point",
        "coordinates": [
          30.3643031,
          50.365111
        ]
      },
      "properties": {
        "osmId": "way/376065201",
        "name": "Купель",
        "nameUk": "Купель",
        "nameEn": null,
        "water": "lake",
        "leisure": null,
        "access": null,
        "source": "OpenStreetMap"
      }
    },
    {
      "type": "Feature",
      "geometry": {
        "type": "Point",
        "coordinates": [
          29.8554033,
          50.3734395
        ]
      },
      "properties": {
        "osmId": "way/379872804",
        "name": "Третій став",
        "nameUk": "Третій став",
        "nameEn": null,
        "water": "pond",
        "leisure": null,
        "access": null,
        "source": "OpenStreetMap"
      }
    },
    {
      "type": "Feature",
      "geometry": {
        "type": "Point",
        "coordinates": [
          31.3267507,
          49.8790695
        ]
      },
      "properties": {
        "osmId": "way/387362623",
        "name": "Сухий ставок",
        "nameUk": "Сухий ставок",
        "nameEn": null,
        "water": "lake",
        "leisure": null,
        "access": null,
        "source": "OpenStreetMap"
      }
    },
    {
      "type": "Feature",
      "geometry": {
        "type": "Point",
        "coordinates": [
          30.6655113,
          50.6212311
        ]
      },
      "properties": {
        "osmId": "way/391765603",
        "name": "озеро Перевишень",
        "nameUk": "озеро Перевишень",
        "nameEn": null,
        "water": "lake",
        "leisure": null,
        "access": null,
        "source": "OpenStreetMap"
      }
    },
    {
      "type": "Feature",
      "geometry": {
        "type": "Point",
        "coordinates": [
          30.6768814,
          50.6482875
        ]
      },
      "properties": {
        "osmId": "way/391766427",
        "name": "Старуха",
        "nameUk": "Старуха",
        "nameEn": null,
        "water": "lake",
        "leisure": null,
        "access": null,
        "source": "OpenStreetMap"
      }
    },
    {
      "type": "Feature",
      "geometry": {
        "type": "Point",
        "coordinates": [
          30.6480786,
          50.6221571
        ]
      },
      "properties": {
        "osmId": "way/391770402",
        "name": "Осокорі",
        "nameUk": "Осокорі",
        "nameEn": null,
        "water": "lake",
        "leisure": null,
        "access": null,
        "source": "OpenStreetMap"
      }
    },
    {
      "type": "Feature",
      "geometry": {
        "type": "Point",
        "coordinates": [
          30.6245957,
          50.6121308
        ]
      },
      "properties": {
        "osmId": "way/392340068",
        "name": "Озеро Прорване",
        "nameUk": "Озеро Прорване",
        "nameEn": null,
        "water": "lake",
        "leisure": null,
        "access": null,
        "source": "OpenStreetMap"
      }
    },
    {
      "type": "Feature",
      "geometry": {
        "type": "Point",
        "coordinates": [
          30.5603015,
          51.5162863
        ]
      },
      "properties": {
        "osmId": "way/396057262",
        "name": "заліў Блізка",
        "nameUk": "заліў Блізка",
        "nameEn": null,
        "water": "oxbow",
        "leisure": null,
        "access": null,
        "source": "OpenStreetMap"
      }
    },
    {
      "type": "Feature",
      "geometry": {
        "type": "Point",
        "coordinates": [
          31.4206572,
          49.9296774
        ]
      },
      "properties": {
        "osmId": "way/396547528",
        "name": "Озеро Ярок",
        "nameUk": "Озеро Ярок",
        "nameEn": null,
        "water": "water",
        "leisure": null,
        "access": null,
        "source": "OpenStreetMap"
      }
    },
    {
      "type": "Feature",
      "geometry": {
        "type": "Point",
        "coordinates": [
          32.2960118,
          51.4479836
        ]
      },
      "properties": {
        "osmId": "way/397839531",
        "name": "Гайтан",
        "nameUk": "Гайтан",
        "nameEn": null,
        "water": "water",
        "leisure": null,
        "access": null,
        "source": "OpenStreetMap"
      }
    },
    {
      "type": "Feature",
      "geometry": {
        "type": "Point",
        "coordinates": [
          31.9404925,
          51.3520106
        ]
      },
      "properties": {
        "osmId": "way/397866071",
        "name": "Колодянка",
        "nameUk": "Колодянка",
        "nameEn": null,
        "water": "oxbow",
        "leisure": null,
        "access": null,
        "source": "OpenStreetMap"
      }
    },
    {
      "type": "Feature",
      "geometry": {
        "type": "Point",
        "coordinates": [
          31.9344849,
          51.3416589
        ]
      },
      "properties": {
        "osmId": "way/397866074",
        "name": "Волжин",
        "nameUk": "Волжин",
        "nameEn": null,
        "water": "oxbow",
        "leisure": null,
        "access": null,
        "source": "OpenStreetMap"
      }
    },
    {
      "type": "Feature",
      "geometry": {
        "type": "Point",
        "coordinates": [
          31.1965989,
          51.3486511
        ]
      },
      "properties": {
        "osmId": "way/398219245",
        "name": "Баграч",
        "nameUk": "Баграч",
        "nameEn": null,
        "water": "lake",
        "leisure": null,
        "access": null,
        "source": "OpenStreetMap"
      }
    },
    {
      "type": "Feature",
      "geometry": {
        "type": "Point",
        "coordinates": [
          31.2097919,
          51.3621277
        ]
      },
      "properties": {
        "osmId": "way/398219719",
        "name": "Стариця",
        "nameUk": "Стариця",
        "nameEn": null,
        "water": "water",
        "leisure": null,
        "access": null,
        "source": "OpenStreetMap"
      }
    },
    {
      "type": "Feature",
      "geometry": {
        "type": "Point",
        "coordinates": [
          31.1526976,
          51.3427134
        ]
      },
      "properties": {
        "osmId": "way/398229224",
        "name": "Полове",
        "nameUk": "Полове",
        "nameEn": null,
        "water": "water",
        "leisure": null,
        "access": null,
        "source": "OpenStreetMap"
      }
    },
    {
      "type": "Feature",
      "geometry": {
        "type": "Point",
        "coordinates": [
          31.1344523,
          51.3481799
        ]
      },
      "properties": {
        "osmId": "way/398236994",
        "name": "Вереб",
        "nameUk": "Вереб",
        "nameEn": null,
        "water": "water",
        "leisure": null,
        "access": null,
        "source": "OpenStreetMap"
      }
    },
    {
      "type": "Feature",
      "geometry": {
        "type": "Point",
        "coordinates": [
          31.1189202,
          51.3068975
        ]
      },
      "properties": {
        "osmId": "way/398241151",
        "name": "Дайнечне",
        "nameUk": "Дайнечне",
        "nameEn": null,
        "water": "water",
        "leisure": null,
        "access": null,
        "source": "OpenStreetMap"
      }
    },
    {
      "type": "Feature",
      "geometry": {
        "type": "Point",
        "coordinates": [
          31.121824,
          51.3037947
        ]
      },
      "properties": {
        "osmId": "way/398241153",
        "name": "Дайнечне",
        "nameUk": "Дайнечне",
        "nameEn": null,
        "water": "water",
        "leisure": null,
        "access": null,
        "source": "OpenStreetMap"
      }
    },
    {
      "type": "Feature",
      "geometry": {
        "type": "Point",
        "coordinates": [
          31.1174646,
          51.3041669
        ]
      },
      "properties": {
        "osmId": "way/398241162",
        "name": "Дайнечне",
        "nameUk": "Дайнечне",
        "nameEn": null,
        "water": "water",
        "leisure": null,
        "access": null,
        "source": "OpenStreetMap"
      }
    },
    {
      "type": "Feature",
      "geometry": {
        "type": "Point",
        "coordinates": [
          31.042445,
          51.293629
        ]
      },
      "properties": {
        "osmId": "way/398260815",
        "name": "Рудка",
        "nameUk": "Рудка",
        "nameEn": null,
        "water": "water",
        "leisure": null,
        "access": null,
        "source": "OpenStreetMap"
      }
    },
    {
      "type": "Feature",
      "geometry": {
        "type": "Point",
        "coordinates": [
          31.0992492,
          51.3240605
        ]
      },
      "properties": {
        "osmId": "way/398267194",
        "name": "Солоне",
        "nameUk": "Вереб",
        "nameEn": null,
        "water": "water",
        "leisure": null,
        "access": null,
        "source": "OpenStreetMap"
      }
    },
    {
      "type": "Feature",
      "geometry": {
        "type": "Point",
        "coordinates": [
          31.1129329,
          51.3207835
        ]
      },
      "properties": {
        "osmId": "way/398267831",
        "name": "Старуха",
        "nameUk": "Старуха",
        "nameEn": null,
        "water": "water",
        "leisure": null,
        "access": null,
        "source": "OpenStreetMap"
      }
    },
    {
      "type": "Feature",
      "geometry": {
        "type": "Point",
        "coordinates": [
          31.1175377,
          51.317272
        ]
      },
      "properties": {
        "osmId": "way/398267832",
        "name": "Старуха",
        "nameUk": "Старуха",
        "nameEn": null,
        "water": "water",
        "leisure": null,
        "access": null,
        "source": "OpenStreetMap"
      }
    },
    {
      "type": "Feature",
      "geometry": {
        "type": "Point",
        "coordinates": [
          31.112759,
          51.3079391
        ]
      },
      "properties": {
        "osmId": "way/398267835",
        "name": "Старуха",
        "nameUk": "Старуха",
        "nameEn": null,
        "water": "water",
        "leisure": null,
        "access": null,
        "source": "OpenStreetMap"
      }
    },
    {
      "type": "Feature",
      "geometry": {
        "type": "Point",
        "coordinates": [
          31.1030143,
          51.3119176
        ]
      },
      "properties": {
        "osmId": "way/398268021",
        "name": "Хатиче",
        "nameUk": "Хатиче",
        "nameEn": null,
        "water": "water",
        "leisure": null,
        "access": null,
        "source": "OpenStreetMap"
      }
    },
    {
      "type": "Feature",
      "geometry": {
        "type": "Point",
        "coordinates": [
          31.1000107,
          51.3152051
        ]
      },
      "properties": {
        "osmId": "way/398268204",
        "name": "Хатиче",
        "nameUk": "Хатиче",
        "nameEn": null,
        "water": "water",
        "leisure": null,
        "access": null,
        "source": "OpenStreetMap"
      }
    },
    {
      "type": "Feature",
      "geometry": {
        "type": "Point",
        "coordinates": [
          30.7212189,
          50.7135989
        ]
      },
      "properties": {
        "osmId": "way/398269270",
        "name": "озеро Карачівка",
        "nameUk": "озеро Карачівка",
        "nameEn": null,
        "water": "lake",
        "leisure": null,
        "access": null,
        "source": "OpenStreetMap"
      }
    },
    {
      "type": "Feature",
      "geometry": {
        "type": "Point",
        "coordinates": [
          31.0911543,
          51.2905241
        ]
      },
      "properties": {
        "osmId": "way/398270523",
        "name": "Борова",
        "nameUk": "Борова",
        "nameEn": null,
        "water": "water",
        "leisure": null,
        "access": null,
        "source": "OpenStreetMap"
      }
    },
    {
      "type": "Feature",
      "geometry": {
        "type": "Point",
        "coordinates": [
          31.0862616,
          51.2873362
        ]
      },
      "properties": {
        "osmId": "way/398271168",
        "name": "Глусець",
        "nameUk": "Глусець",
        "nameEn": null,
        "water": "water",
        "leisure": null,
        "access": null,
        "source": "OpenStreetMap"
      }
    },
    {
      "type": "Feature",
      "geometry": {
        "type": "Point",
        "coordinates": [
          31.7872242,
          50.5017218
        ]
      },
      "properties": {
        "osmId": "way/400208788",
        "name": "Морянка",
        "nameUk": "Морянка",
        "nameEn": null,
        "water": "pond",
        "leisure": null,
        "access": null,
        "source": "OpenStreetMap"
      }
    },
    {
      "type": "Feature",
      "geometry": {
        "type": "Point",
        "coordinates": [
          30.5136835,
          50.2480519
        ]
      },
      "properties": {
        "osmId": "way/402657508",
        "name": "Стік з звалища",
        "nameUk": "Стік з звалища",
        "nameEn": null,
        "water": "water",
        "leisure": null,
        "access": null,
        "source": "OpenStreetMap"
      }
    },
    {
      "type": "Feature",
      "geometry": {
        "type": "Point",
        "coordinates": [
          30.5135897,
          50.2486709
        ]
      },
      "properties": {
        "osmId": "way/402657806",
        "name": "Стікають зі звалища відходи",
        "nameUk": "Стікають зі звалища відходи",
        "nameEn": null,
        "water": "water",
        "leisure": null,
        "access": null,
        "source": "OpenStreetMap"
      }
    },
    {
      "type": "Feature",
      "geometry": {
        "type": "Point",
        "coordinates": [
          30.6323247,
          50.4141078
        ]
      },
      "properties": {
        "osmId": "way/407492685",
        "name": "Озеро Вулик",
        "nameUk": "Озеро Вулик",
        "nameEn": "Vulyk Lake",
        "water": "lake",
        "leisure": null,
        "access": null,
        "source": "OpenStreetMap"
      }
    },
    {
      "type": "Feature",
      "geometry": {
        "type": "Point",
        "coordinates": [
          30.6360256,
          50.1142502
        ]
      },
      "properties": {
        "osmId": "way/408419674",
        "name": "Глинянка",
        "nameUk": "Глинянка",
        "nameEn": null,
        "water": "lake",
        "leisure": null,
        "access": null,
        "source": "OpenStreetMap"
      }
    },
    {
      "type": "Feature",
      "geometry": {
        "type": "Point",
        "coordinates": [
          30.5951257,
          50.1036887
        ]
      },
      "properties": {
        "osmId": "way/408753390",
        "name": "Каплиця",
        "nameUk": "Каплиця",
        "nameEn": null,
        "water": "lake",
        "leisure": null,
        "access": null,
        "source": "OpenStreetMap"
      }
    },
    {
      "type": "Feature",
      "geometry": {
        "type": "Point",
        "coordinates": [
          29.5443093,
          50.6749098
        ]
      },
      "properties": {
        "osmId": "way/411737644",
        "name": "Сивцьове озеро",
        "nameUk": "Сивцьове озеро",
        "nameEn": null,
        "water": "lake",
        "leisure": null,
        "access": null,
        "source": "OpenStreetMap"
      }
    },
    {
      "type": "Feature",
      "geometry": {
        "type": "Point",
        "coordinates": [
          29.5015263,
          50.6588842
        ]
      },
      "properties": {
        "osmId": "way/413684931",
        "name": "Башатине озеро",
        "nameUk": "Башатине озеро",
        "nameEn": null,
        "water": "lake",
        "leisure": null,
        "access": null,
        "source": "OpenStreetMap"
      }
    },
    {
      "type": "Feature",
      "geometry": {
        "type": "Point",
        "coordinates": [
          29.8819193,
          50.9784911
        ]
      },
      "properties": {
        "osmId": "way/415291380",
        "name": "Копанки",
        "nameUk": "Копанки",
        "nameEn": null,
        "water": "water",
        "leisure": null,
        "access": null,
        "source": "OpenStreetMap"
      }
    },
    {
      "type": "Feature",
      "geometry": {
        "type": "Point",
        "coordinates": [
          29.8838934,
          50.9786297
        ]
      },
      "properties": {
        "osmId": "way/415292065",
        "name": "Копанки",
        "nameUk": "Копанки",
        "nameEn": null,
        "water": "water",
        "leisure": null,
        "access": null,
        "source": "OpenStreetMap"
      }
    },
    {
      "type": "Feature",
      "geometry": {
        "type": "Point",
        "coordinates": [
          29.8823672,
          50.9797087
        ]
      },
      "properties": {
        "osmId": "way/415292068",
        "name": "Копанки",
        "nameUk": "Копанки",
        "nameEn": null,
        "water": "water",
        "leisure": null,
        "access": null,
        "source": "OpenStreetMap"
      }
    },
    {
      "type": "Feature",
      "geometry": {
        "type": "Point",
        "coordinates": [
          29.8850628,
          50.9777115
        ]
      },
      "properties": {
        "osmId": "way/415292069",
        "name": "Копанки",
        "nameUk": "Копанки",
        "nameEn": null,
        "water": "water",
        "leisure": null,
        "access": null,
        "source": "OpenStreetMap"
      }
    },
    {
      "type": "Feature",
      "geometry": {
        "type": "Point",
        "coordinates": [
          30.8968382,
          50.9466513
        ]
      },
      "properties": {
        "osmId": "way/416518198",
        "name": "Остер",
        "nameUk": "Остер",
        "nameEn": null,
        "water": "river",
        "leisure": null,
        "access": null,
        "source": "OpenStreetMap"
      }
    },
    {
      "type": "Feature",
      "geometry": {
        "type": "Point",
        "coordinates": [
          29.5292673,
          50.6656981
        ]
      },
      "properties": {
        "osmId": "way/426006495",
        "name": "Старік",
        "nameUk": "Старік",
        "nameEn": null,
        "water": "lake",
        "leisure": null,
        "access": null,
        "source": "OpenStreetMap"
      }
    },
    {
      "type": "Feature",
      "geometry": {
        "type": "Point",
        "coordinates": [
          29.6258197,
          50.4518345
        ]
      },
      "properties": {
        "osmId": "way/435332403",
        "name": "Потапове озеро",
        "nameUk": "Потапове озеро",
        "nameEn": null,
        "water": "water",
        "leisure": null,
        "access": null,
        "source": "OpenStreetMap"
      }
    },
    {
      "type": "Feature",
      "geometry": {
        "type": "Point",
        "coordinates": [
          30.5659678,
          50.5814979
        ]
      },
      "properties": {
        "osmId": "way/436163605",
        "name": "Грішине озеро",
        "nameUk": "Грішине озеро",
        "nameEn": null,
        "water": "lake",
        "leisure": null,
        "access": null,
        "source": "OpenStreetMap"
      }
    },
    {
      "type": "Feature",
      "geometry": {
        "type": "Point",
        "coordinates": [
          30.5682584,
          50.578527
        ]
      },
      "properties": {
        "osmId": "way/436163607",
        "name": "Перлина",
        "nameUk": "Перлина",
        "nameEn": null,
        "water": "lake",
        "leisure": null,
        "access": null,
        "source": "OpenStreetMap"
      }
    },
    {
      "type": "Feature",
      "geometry": {
        "type": "Point",
        "coordinates": [
          30.847509,
          51.4588498
        ]
      },
      "properties": {
        "osmId": "way/437890918",
        "name": "Пожежна водойма",
        "nameUk": "Пожежна водойма",
        "nameEn": null,
        "water": "water",
        "leisure": null,
        "access": null,
        "source": "OpenStreetMap"
      }
    },
    {
      "type": "Feature",
      "geometry": {
        "type": "Point",
        "coordinates": [
          30.5120323,
          50.4844045
        ]
      },
      "properties": {
        "osmId": "way/439139423",
        "name": "Почайна",
        "nameUk": "Почайна",
        "nameEn": null,
        "water": "water",
        "leisure": null,
        "access": null,
        "source": "OpenStreetMap"
      }
    },
    {
      "type": "Feature",
      "geometry": {
        "type": "Point",
        "coordinates": [
          29.5694268,
          50.6659315
        ]
      },
      "properties": {
        "osmId": "way/439867379",
        "name": "Оболонь",
        "nameUk": "Оболонь",
        "nameEn": null,
        "water": "water",
        "leisure": null,
        "access": null,
        "source": "OpenStreetMap"
      }
    },
    {
      "type": "Feature",
      "geometry": {
        "type": "Point",
        "coordinates": [
          31.2162044,
          51.2090041
        ]
      },
      "properties": {
        "osmId": "way/440641857",
        "name": "Гусине",
        "nameUk": "Гусине",
        "nameEn": null,
        "water": "pond",
        "leisure": null,
        "access": null,
        "source": "OpenStreetMap"
      }
    },
    {
      "type": "Feature",
      "geometry": {
        "type": "Point",
        "coordinates": [
          29.952311,
          50.2083859
        ]
      },
      "properties": {
        "osmId": "way/448023544",
        "name": "Карʼєрне озеро",
        "nameUk": "Карʼєрне озеро",
        "nameEn": null,
        "water": "lake",
        "leisure": null,
        "access": null,
        "source": "OpenStreetMap"
      }
    },
    {
      "type": "Feature",
      "geometry": {
        "type": "Point",
        "coordinates": [
          31.2670509,
          49.9035847
        ]
      },
      "properties": {
        "osmId": "way/455952375",
        "name": "Глиняне озеро Ромашки",
        "nameUk": "Глиняне озеро Ромашки",
        "nameEn": null,
        "water": "lake",
        "leisure": null,
        "access": null,
        "source": "OpenStreetMap"
      }
    },
    {
      "type": "Feature",
      "geometry": {
        "type": "Point",
        "coordinates": [
          30.2656736,
          50.8790054
        ]
      },
      "properties": {
        "osmId": "way/461622292",
        "name": "став",
        "nameUk": "став",
        "nameEn": null,
        "water": "lake",
        "leisure": null,
        "access": null,
        "source": "OpenStreetMap"
      }
    },
    {
      "type": "Feature",
      "geometry": {
        "type": "Point",
        "coordinates": [
          30.2621776,
          50.8850087
        ]
      },
      "properties": {
        "osmId": "way/461624816",
        "name": "Струкове озеро",
        "nameUk": "Струкове озеро",
        "nameEn": null,
        "water": "lake",
        "leisure": null,
        "access": null,
        "source": "OpenStreetMap"
      }
    },
    {
      "type": "Feature",
      "geometry": {
        "type": "Point",
        "coordinates": [
          29.9371564,
          50.6624034
        ]
      },
      "properties": {
        "osmId": "way/462681418",
        "name": "Свуп-резервуар для купольного пілотування",
        "nameUk": "Свуп-резервуар для купольного пілотування",
        "nameEn": null,
        "water": "reservoir",
        "leisure": null,
        "access": null,
        "source": "OpenStreetMap"
      }
    },
    {
      "type": "Feature",
      "geometry": {
        "type": "Point",
        "coordinates": [
          30.4811466,
          50.3491872
        ]
      },
      "properties": {
        "osmId": "way/464259382",
        "name": "Купальня",
        "nameUk": "Купальня",
        "nameEn": null,
        "water": "reservoir",
        "leisure": null,
        "access": null,
        "source": "OpenStreetMap"
      }
    },
    {
      "type": "Feature",
      "geometry": {
        "type": "Point",
        "coordinates": [
          30.3154683,
          50.304787
        ]
      },
      "properties": {
        "osmId": "way/481662146",
        "name": "Старобоярський став",
        "nameUk": "Старобоярський став",
        "nameEn": null,
        "water": "water",
        "leisure": null,
        "access": null,
        "source": "OpenStreetMap"
      }
    },
    {
      "type": "Feature",
      "geometry": {
        "type": "Point",
        "coordinates": [
          30.3185758,
          50.3041511
        ]
      },
      "properties": {
        "osmId": "way/481662147",
        "name": "Санаторний став",
        "nameUk": "Санаторний став",
        "nameEn": null,
        "water": "water",
        "leisure": null,
        "access": null,
        "source": "OpenStreetMap"
      }
    },
    {
      "type": "Feature",
      "geometry": {
        "type": "Point",
        "coordinates": [
          31.1320031,
          50.8913278
        ]
      },
      "properties": {
        "osmId": "way/482734271",
        "name": "ставки",
        "nameUk": "ставки",
        "nameEn": null,
        "water": "pond",
        "leisure": null,
        "access": null,
        "source": "OpenStreetMap"
      }
    },
    {
      "type": "Feature",
      "geometry": {
        "type": "Point",
        "coordinates": [
          30.2431905,
          50.3133895
        ]
      },
      "properties": {
        "osmId": "way/484150431",
        "name": "5 озеро Беседки",
        "nameUk": "5 озеро Беседки",
        "nameEn": null,
        "water": "lake",
        "leisure": null,
        "access": null,
        "source": "OpenStreetMap"
      }
    },
    {
      "type": "Feature",
      "geometry": {
        "type": "Point",
        "coordinates": [
          31.1354751,
          50.9117025
        ]
      },
      "properties": {
        "osmId": "way/485580302",
        "name": "Циганське",
        "nameUk": "Циганське",
        "nameEn": null,
        "water": "pond",
        "leisure": null,
        "access": null,
        "source": "OpenStreetMap"
      }
    },
    {
      "type": "Feature",
      "geometry": {
        "type": "Point",
        "coordinates": [
          30.1365973,
          50.2122332
        ]
      },
      "properties": {
        "osmId": "way/485829640",
        "name": "Рибне озеро",
        "nameUk": "Рибне озеро",
        "nameEn": null,
        "water": "lake",
        "leisure": null,
        "access": null,
        "source": "OpenStreetMap"
      }
    },
    {
      "type": "Feature",
      "geometry": {
        "type": "Point",
        "coordinates": [
          31.4178241,
          50.811301
        ]
      },
      "properties": {
        "osmId": "way/490844126",
        "name": "ставок Малинковський",
        "nameUk": "ставок Малинковський",
        "nameEn": null,
        "water": "water",
        "leisure": null,
        "access": null,
        "source": "OpenStreetMap"
      }
    },
    {
      "type": "Feature",
      "geometry": {
        "type": "Point",
        "coordinates": [
          29.904676,
          50.5060908
        ]
      },
      "properties": {
        "osmId": "way/494666747",
        "name": "Штучний ставок",
        "nameUk": "Штучний ставок",
        "nameEn": null,
        "water": "pond",
        "leisure": null,
        "access": null,
        "source": "OpenStreetMap"
      }
    },
    {
      "type": "Feature",
      "geometry": {
        "type": "Point",
        "coordinates": [
          29.3637836,
          50.7043147
        ]
      },
      "properties": {
        "osmId": "way/495714391",
        "name": "Став для поливу",
        "nameUk": "Став для поливу",
        "nameEn": null,
        "water": "pond",
        "leisure": null,
        "access": null,
        "source": "OpenStreetMap"
      }
    },
    {
      "type": "Feature",
      "geometry": {
        "type": "Point",
        "coordinates": [
          30.5599958,
          50.4155523
        ]
      },
      "properties": {
        "osmId": "way/497031793",
        "name": "Озеро Бажань",
        "nameUk": "Озеро Бажань",
        "nameEn": null,
        "water": "pond",
        "leisure": null,
        "access": null,
        "source": "OpenStreetMap"
      }
    },
    {
      "type": "Feature",
      "geometry": {
        "type": "Point",
        "coordinates": [
          30.4408889,
          50.0131379
        ]
      },
      "properties": {
        "osmId": "way/498244016",
        "name": "Панський ставок",
        "nameUk": "Панський ставок",
        "nameEn": null,
        "water": "water",
        "leisure": null,
        "access": null,
        "source": "OpenStreetMap"
      }
    },
    {
      "type": "Feature",
      "geometry": {
        "type": "Point",
        "coordinates": [
          29.8053991,
          50.7747695
        ]
      },
      "properties": {
        "osmId": "way/500420073",
        "name": "Спортивний мисливський клуб",
        "nameUk": "Спортивний мисливський клуб",
        "nameEn": null,
        "water": "water",
        "leisure": null,
        "access": null,
        "source": "OpenStreetMap"
      }
    },
    {
      "type": "Feature",
      "geometry": {
        "type": "Point",
        "coordinates": [
          30.6197136,
          50.2701165
        ]
      },
      "properties": {
        "osmId": "way/504186579",
        "name": "озеро Конча",
        "nameUk": "озеро Конча",
        "nameEn": "Koncha",
        "water": "lake",
        "leisure": null,
        "access": null,
        "source": "OpenStreetMap"
      }
    },
    {
      "type": "Feature",
      "geometry": {
        "type": "Point",
        "coordinates": [
          30.6804565,
          50.3129301
        ]
      },
      "properties": {
        "osmId": "way/504774444",
        "name": "Циганка озеро",
        "nameUk": "Циганка озеро",
        "nameEn": null,
        "water": "lake",
        "leisure": null,
        "access": null,
        "source": "OpenStreetMap"
      }
    },
    {
      "type": "Feature",
      "geometry": {
        "type": "Point",
        "coordinates": [
          30.3887303,
          49.9415285
        ]
      },
      "properties": {
        "osmId": "way/506152892",
        "name": "Пархомівський ставок",
        "nameUk": "Пархомівський ставок",
        "nameEn": null,
        "water": "pond",
        "leisure": null,
        "access": null,
        "source": "OpenStreetMap"
      }
    },
    {
      "type": "Feature",
      "geometry": {
        "type": "Point",
        "coordinates": [
          30.4017313,
          49.9491763
        ]
      },
      "properties": {
        "osmId": "way/506152910",
        "name": "Камінський ставок",
        "nameUk": "Камінський ставок",
        "nameEn": null,
        "water": "pond",
        "leisure": null,
        "access": null,
        "source": "OpenStreetMap"
      }
    },
    {
      "type": "Feature",
      "geometry": {
        "type": "Point",
        "coordinates": [
          30.396557,
          49.9417788
        ]
      },
      "properties": {
        "osmId": "way/506152912",
        "name": "ставок Жабник",
        "nameUk": "ставок Жабник",
        "nameEn": null,
        "water": "pond",
        "leisure": null,
        "access": null,
        "source": "OpenStreetMap"
      }
    },
    {
      "type": "Feature",
      "geometry": {
        "type": "Point",
        "coordinates": [
          29.4976231,
          50.1057661
        ]
      },
      "properties": {
        "osmId": "way/506862101",
        "name": "Кар'єрне озеро",
        "nameUk": "Кар'єрне озеро",
        "nameEn": null,
        "water": "water",
        "leisure": null,
        "access": null,
        "source": "OpenStreetMap"
      }
    },
    {
      "type": "Feature",
      "geometry": {
        "type": "Point",
        "coordinates": [
          29.4975468,
          50.1072088
        ]
      },
      "properties": {
        "osmId": "way/506862379",
        "name": "Кар'єрне озеро",
        "nameUk": "Кар'єрне озеро",
        "nameEn": null,
        "water": "water",
        "leisure": null,
        "access": null,
        "source": "OpenStreetMap"
      }
    },
    {
      "type": "Feature",
      "geometry": {
        "type": "Point",
        "coordinates": [
          29.4969539,
          50.1078971
        ]
      },
      "properties": {
        "osmId": "way/506862380",
        "name": "Кар'єрне озеро",
        "nameUk": "Кар'єрне озеро",
        "nameEn": null,
        "water": "water",
        "leisure": null,
        "access": null,
        "source": "OpenStreetMap"
      }
    },
    {
      "type": "Feature",
      "geometry": {
        "type": "Point",
        "coordinates": [
          29.9990756,
          50.5719195
        ]
      },
      "properties": {
        "osmId": "way/511558841",
        "name": "Спільний ставок",
        "nameUk": "Спільний ставок",
        "nameEn": null,
        "water": "lake",
        "leisure": null,
        "access": null,
        "source": "OpenStreetMap"
      }
    },
    {
      "type": "Feature",
      "geometry": {
        "type": "Point",
        "coordinates": [
          31.549846,
          51.1618844
        ]
      },
      "properties": {
        "osmId": "way/516165899",
        "name": "Попова річка",
        "nameUk": "Попова річка",
        "nameEn": null,
        "water": "pond",
        "leisure": null,
        "access": null,
        "source": "OpenStreetMap"
      }
    },
    {
      "type": "Feature",
      "geometry": {
        "type": "Point",
        "coordinates": [
          30.0515703,
          50.3506165
        ]
      },
      "properties": {
        "osmId": "way/516617035",
        "name": "Лепестинене озеро",
        "nameUk": "Лепестинене озеро",
        "nameEn": null,
        "water": "lake",
        "leisure": null,
        "access": null,
        "source": "OpenStreetMap"
      }
    },
    {
      "type": "Feature",
      "geometry": {
        "type": "Point",
        "coordinates": [
          30.0620239,
          50.3440162
        ]
      },
      "properties": {
        "osmId": "way/516617037",
        "name": "Лісове озеро",
        "nameUk": "Лісове озеро",
        "nameEn": null,
        "water": "lake",
        "leisure": null,
        "access": null,
        "source": "OpenStreetMap"
      }
    },
    {
      "type": "Feature",
      "geometry": {
        "type": "Point",
        "coordinates": [
          31.5349559,
          51.1638925
        ]
      },
      "properties": {
        "osmId": "way/517032851",
        "name": "Нове озеро",
        "nameUk": "Нове озеро",
        "nameEn": null,
        "water": "pond",
        "leisure": null,
        "access": null,
        "source": "OpenStreetMap"
      }
    },
    {
      "type": "Feature",
      "geometry": {
        "type": "Point",
        "coordinates": [
          31.3004646,
          51.500556
        ]
      },
      "properties": {
        "osmId": "way/517319071",
        "name": "Стрижень",
        "nameUk": "Стрижень",
        "nameEn": null,
        "water": "river",
        "leisure": null,
        "access": null,
        "source": "OpenStreetMap"
      }
    },
    {
      "type": "Feature",
      "geometry": {
        "type": "Point",
        "coordinates": [
          31.3054319,
          51.4978155
        ]
      },
      "properties": {
        "osmId": "way/517396135",
        "name": "Стрижень",
        "nameUk": "Стрижень",
        "nameEn": "Stryzhen",
        "water": "river",
        "leisure": null,
        "access": null,
        "source": "OpenStreetMap"
      }
    },
    {
      "type": "Feature",
      "geometry": {
        "type": "Point",
        "coordinates": [
          30.9093127,
          50.8291575
        ]
      },
      "properties": {
        "osmId": "way/518427512",
        "name": "Stybyn",
        "nameUk": "Стибин",
        "nameEn": null,
        "water": "lake",
        "leisure": null,
        "access": null,
        "source": "OpenStreetMap"
      }
    },
    {
      "type": "Feature",
      "geometry": {
        "type": "Point",
        "coordinates": [
          29.8611295,
          50.8772802
        ]
      },
      "properties": {
        "osmId": "way/522172961",
        "name": "озеро Рай",
        "nameUk": "озеро Рай",
        "nameEn": null,
        "water": "lake",
        "leisure": null,
        "access": null,
        "source": "OpenStreetMap"
      }
    },
    {
      "type": "Feature",
      "geometry": {
        "type": "Point",
        "coordinates": [
          29.8638255,
          50.8835235
        ]
      },
      "properties": {
        "osmId": "way/522172962",
        "name": "озеро Щастя",
        "nameUk": "озеро Щастя",
        "nameEn": null,
        "water": "lake",
        "leisure": null,
        "access": null,
        "source": "OpenStreetMap"
      }
    },
    {
      "type": "Feature",
      "geometry": {
        "type": "Point",
        "coordinates": [
          31.3963108,
          50.1138751
        ]
      },
      "properties": {
        "osmId": "way/523843351",
        "name": "Fontanka",
        "nameUk": "Fontanka",
        "nameEn": null,
        "water": "lake",
        "leisure": null,
        "access": null,
        "source": "OpenStreetMap"
      }
    },
    {
      "type": "Feature",
      "geometry": {
        "type": "Point",
        "coordinates": [
          31.7628232,
          50.4994103
        ]
      },
      "properties": {
        "osmId": "way/531719059",
        "name": "Димерчин ставок",
        "nameUk": "Димерчин ставок",
        "nameEn": null,
        "water": "pond",
        "leisure": null,
        "access": null,
        "source": "OpenStreetMap"
      }
    },
    {
      "type": "Feature",
      "geometry": {
        "type": "Point",
        "coordinates": [
          29.5310545,
          50.6770677
        ]
      },
      "properties": {
        "osmId": "way/535275529",
        "name": "Ліва Підкова",
        "nameUk": "Ліва Підкова",
        "nameEn": null,
        "water": "lake",
        "leisure": null,
        "access": null,
        "source": "OpenStreetMap"
      }
    },
    {
      "type": "Feature",
      "geometry": {
        "type": "Point",
        "coordinates": [
          29.5329175,
          50.6772078
        ]
      },
      "properties": {
        "osmId": "way/535275931",
        "name": "Права Підкова",
        "nameUk": "Права Підкова",
        "nameEn": null,
        "water": "lake",
        "leisure": null,
        "access": null,
        "source": "OpenStreetMap"
      }
    },
    {
      "type": "Feature",
      "geometry": {
        "type": "Point",
        "coordinates": [
          29.5391566,
          50.6797635
        ]
      },
      "properties": {
        "osmId": "way/535277181",
        "name": "Триніг",
        "nameUk": "Триніг",
        "nameEn": null,
        "water": "lake",
        "leisure": null,
        "access": null,
        "source": "OpenStreetMap"
      }
    },
    {
      "type": "Feature",
      "geometry": {
        "type": "Point",
        "coordinates": [
          29.5219191,
          50.6800602
        ]
      },
      "properties": {
        "osmId": "way/540005567",
        "name": "Макалевіцьке озеро",
        "nameUk": "Макалевіцьке озеро",
        "nameEn": null,
        "water": "lake",
        "leisure": null,
        "access": null,
        "source": "OpenStreetMap"
      }
    },
    {
      "type": "Feature",
      "geometry": {
        "type": "Point",
        "coordinates": [
          30.9326472,
          50.63609
        ]
      },
      "properties": {
        "osmId": "way/544373268",
        "name": "Глибоке озеро",
        "nameUk": "Глибоке озеро",
        "nameEn": null,
        "water": "lake",
        "leisure": null,
        "access": null,
        "source": "OpenStreetMap"
      }
    },
    {
      "type": "Feature",
      "geometry": {
        "type": "Point",
        "coordinates": [
          31.1051438,
          50.6798399
        ]
      },
      "properties": {
        "osmId": "way/549827550",
        "name": "Басейн для зрошування",
        "nameUk": "Басейн для зрошування",
        "nameEn": null,
        "water": "reservoir",
        "leisure": null,
        "access": null,
        "source": "OpenStreetMap"
      }
    },
    {
      "type": "Feature",
      "geometry": {
        "type": "Point",
        "coordinates": [
          30.5660835,
          50.5778849
        ]
      },
      "properties": {
        "osmId": "way/557584093",
        "name": "Сонячне озеро",
        "nameUk": "Сонячне озеро",
        "nameEn": null,
        "water": "lake",
        "leisure": null,
        "access": null,
        "source": "OpenStreetMap"
      }
    },
    {
      "type": "Feature",
      "geometry": {
        "type": "Point",
        "coordinates": [
          30.5646706,
          50.5783823
        ]
      },
      "properties": {
        "osmId": "way/557584190",
        "name": "Лазурне озеро",
        "nameUk": "Лазурне озеро",
        "nameEn": null,
        "water": "lake",
        "leisure": null,
        "access": null,
        "source": "OpenStreetMap"
      }
    },
    {
      "type": "Feature",
      "geometry": {
        "type": "Point",
        "coordinates": [
          31.6914863,
          50.1037586
        ]
      },
      "properties": {
        "osmId": "way/574086657",
        "name": "Куплювате",
        "nameUk": "Куплювате",
        "nameEn": null,
        "water": "pond",
        "leisure": null,
        "access": null,
        "source": "OpenStreetMap"
      }
    },
    {
      "type": "Feature",
      "geometry": {
        "type": "Point",
        "coordinates": [
          30.5982671,
          50.6895467
        ]
      },
      "properties": {
        "osmId": "way/585700375",
        "name": "Волове озеро",
        "nameUk": "Волове озеро",
        "nameEn": null,
        "water": "lake",
        "leisure": null,
        "access": null,
        "source": "OpenStreetMap"
      }
    },
    {
      "type": "Feature",
      "geometry": {
        "type": "Point",
        "coordinates": [
          30.0346237,
          50.280532
        ]
      },
      "properties": {
        "osmId": "way/588745199",
        "name": "Кругле озеро",
        "nameUk": "Кругле озеро",
        "nameEn": null,
        "water": "lake",
        "leisure": null,
        "access": null,
        "source": "OpenStreetMap"
      }
    },
    {
      "type": "Feature",
      "geometry": {
        "type": "Point",
        "coordinates": [
          29.7074805,
          49.8583848
        ]
      },
      "properties": {
        "osmId": "way/589042840",
        "name": "ставок Лебідь",
        "nameUk": "ставок Лебідь",
        "nameEn": null,
        "water": "water",
        "leisure": null,
        "access": null,
        "source": "OpenStreetMap"
      }
    },
    {
      "type": "Feature",
      "geometry": {
        "type": "Point",
        "coordinates": [
          29.7029969,
          49.8687424
        ]
      },
      "properties": {
        "osmId": "way/589042848",
        "name": "Середній ставок",
        "nameUk": "Середній ставок",
        "nameEn": null,
        "water": "pond",
        "leisure": null,
        "access": null,
        "source": "OpenStreetMap"
      }
    },
    {
      "type": "Feature",
      "geometry": {
        "type": "Point",
        "coordinates": [
          29.7278371,
          49.9061198
        ]
      },
      "properties": {
        "osmId": "way/589042904",
        "name": "Хотянський ставок",
        "nameUk": "Хотянський ставок",
        "nameEn": null,
        "water": "pond",
        "leisure": null,
        "access": null,
        "source": "OpenStreetMap"
      }
    },
    {
      "type": "Feature",
      "geometry": {
        "type": "Point",
        "coordinates": [
          29.7412884,
          49.9065846
        ]
      },
      "properties": {
        "osmId": "way/589042916",
        "name": "Марківський ставок",
        "nameUk": "Марківський ставок",
        "nameEn": null,
        "water": "pond",
        "leisure": null,
        "access": null,
        "source": "OpenStreetMap"
      }
    },
    {
      "type": "Feature",
      "geometry": {
        "type": "Point",
        "coordinates": [
          29.7705333,
          49.9129113
        ]
      },
      "properties": {
        "osmId": "way/589042923",
        "name": "Зубанівський ставок",
        "nameUk": "Зубанівський ставок",
        "nameEn": null,
        "water": "pond",
        "leisure": null,
        "access": null,
        "source": "OpenStreetMap"
      }
    },
    {
      "type": "Feature",
      "geometry": {
        "type": "Point",
        "coordinates": [
          30.2648116,
          50.0949234
        ]
      },
      "properties": {
        "osmId": "way/615782737",
        "name": "Бухало",
        "nameUk": "Бухало",
        "nameEn": null,
        "water": "basin",
        "leisure": null,
        "access": null,
        "source": "OpenStreetMap"
      }
    },
    {
      "type": "Feature",
      "geometry": {
        "type": "Point",
        "coordinates": [
          30.2013704,
          50.0403692
        ]
      },
      "properties": {
        "osmId": "way/620045264",
        "name": "Рубаніка",
        "nameUk": "Рубаніка",
        "nameEn": null,
        "water": "pond",
        "leisure": null,
        "access": null,
        "source": "OpenStreetMap"
      }
    },
    {
      "type": "Feature",
      "geometry": {
        "type": "Point",
        "coordinates": [
          30.1945125,
          50.0445203
        ]
      },
      "properties": {
        "osmId": "way/620045265",
        "name": "Панський ставок",
        "nameUk": "Панський ставок",
        "nameEn": null,
        "water": "pond",
        "leisure": null,
        "access": null,
        "source": "OpenStreetMap"
      }
    },
    {
      "type": "Feature",
      "geometry": {
        "type": "Point",
        "coordinates": [
          30.938487,
          50.52946
        ]
      },
      "properties": {
        "osmId": "way/623984801",
        "name": "Бурносове",
        "nameUk": "Бурносове",
        "nameEn": null,
        "water": "water",
        "leisure": null,
        "access": null,
        "source": "OpenStreetMap"
      }
    },
    {
      "type": "Feature",
      "geometry": {
        "type": "Point",
        "coordinates": [
          31.8054505,
          51.4188834
        ]
      },
      "properties": {
        "osmId": "way/630996466",
        "name": "Чернече",
        "nameUk": "Чернече",
        "nameEn": null,
        "water": "oxbow",
        "leisure": null,
        "access": null,
        "source": "OpenStreetMap"
      }
    },
    {
      "type": "Feature",
      "geometry": {
        "type": "Point",
        "coordinates": [
          31.9813661,
          51.2508632
        ]
      },
      "properties": {
        "osmId": "way/638272358",
        "name": "озеро Крившукове",
        "nameUk": "озеро Крившукове",
        "nameEn": null,
        "water": "lake",
        "leisure": null,
        "access": null,
        "source": "OpenStreetMap"
      }
    },
    {
      "type": "Feature",
      "geometry": {
        "type": "Point",
        "coordinates": [
          31.9747223,
          51.2548851
        ]
      },
      "properties": {
        "osmId": "way/638272363",
        "name": "озеро Велика Кошеля",
        "nameUk": "озеро Велика Кошеля",
        "nameEn": null,
        "water": "pond",
        "leisure": null,
        "access": null,
        "source": "OpenStreetMap"
      }
    },
    {
      "type": "Feature",
      "geometry": {
        "type": "Point",
        "coordinates": [
          31.9494652,
          51.2447549
        ]
      },
      "properties": {
        "osmId": "way/638272477",
        "name": "Кошелівський карасик",
        "nameUk": "Кошелівський карасик",
        "nameEn": null,
        "water": "pond",
        "leisure": null,
        "access": null,
        "source": "OpenStreetMap"
      }
    },
    {
      "type": "Feature",
      "geometry": {
        "type": "Point",
        "coordinates": [
          30.924931,
          50.5989642
        ]
      },
      "properties": {
        "osmId": "way/645554806",
        "name": "Гришков ставок",
        "nameUk": "Гришков ставок",
        "nameEn": null,
        "water": "lake",
        "leisure": null,
        "access": null,
        "source": "OpenStreetMap"
      }
    },
    {
      "type": "Feature",
      "geometry": {
        "type": "Point",
        "coordinates": [
          30.6709632,
          50.3471798
        ]
      },
      "properties": {
        "osmId": "way/662223080",
        "name": "Озеро Млинне",
        "nameUk": "Озеро Млинне",
        "nameEn": null,
        "water": "canal",
        "leisure": null,
        "access": null,
        "source": "OpenStreetMap"
      }
    },
    {
      "type": "Feature",
      "geometry": {
        "type": "Point",
        "coordinates": [
          30.672041,
          50.3387863
        ]
      },
      "properties": {
        "osmId": "way/663197509",
        "name": "Пісковате озеро",
        "nameUk": "Пісковате озеро",
        "nameEn": null,
        "water": "pond",
        "leisure": null,
        "access": null,
        "source": "OpenStreetMap"
      }
    },
    {
      "type": "Feature",
      "geometry": {
        "type": "Point",
        "coordinates": [
          30.6945817,
          50.3340493
        ]
      },
      "properties": {
        "osmId": "way/663315735",
        "name": "Попове озеро",
        "nameUk": "Попове озеро",
        "nameEn": null,
        "water": "pond",
        "leisure": null,
        "access": null,
        "source": "OpenStreetMap"
      }
    },
    {
      "type": "Feature",
      "geometry": {
        "type": "Point",
        "coordinates": [
          32.2569042,
          51.3862145
        ]
      },
      "properties": {
        "osmId": "way/666117356",
        "name": "Карашеве",
        "nameUk": "Карашеве",
        "nameEn": null,
        "water": "water",
        "leisure": null,
        "access": null,
        "source": "OpenStreetMap"
      }
    },
    {
      "type": "Feature",
      "geometry": {
        "type": "Point",
        "coordinates": [
          31.4374517,
          51.517536
        ]
      },
      "properties": {
        "osmId": "way/674041596",
        "name": "озеро Домаха",
        "nameUk": "озеро Домаха",
        "nameEn": null,
        "water": "water",
        "leisure": null,
        "access": null,
        "source": "OpenStreetMap"
      }
    },
    {
      "type": "Feature",
      "geometry": {
        "type": "Point",
        "coordinates": [
          31.00884,
          50.7422638
        ]
      },
      "properties": {
        "osmId": "way/690389900",
        "name": "Половиця",
        "nameUk": "Половиця",
        "nameEn": null,
        "water": "water",
        "leisure": null,
        "access": null,
        "source": "OpenStreetMap"
      }
    },
    {
      "type": "Feature",
      "geometry": {
        "type": "Point",
        "coordinates": [
          29.5676852,
          50.6984932
        ]
      },
      "properties": {
        "osmId": "way/691346712",
        "name": "Затока",
        "nameUk": "Затока",
        "nameEn": null,
        "water": "water",
        "leisure": null,
        "access": null,
        "source": "OpenStreetMap"
      }
    },
    {
      "type": "Feature",
      "geometry": {
        "type": "Point",
        "coordinates": [
          29.9375784,
          50.9393598
        ]
      },
      "properties": {
        "osmId": "way/691644997",
        "name": "Крива затока",
        "nameUk": "Крива затока",
        "nameEn": null,
        "water": "water",
        "leisure": null,
        "access": null,
        "source": "OpenStreetMap"
      }
    },
    {
      "type": "Feature",
      "geometry": {
        "type": "Point",
        "coordinates": [
          29.5830519,
          50.7534781
        ]
      },
      "properties": {
        "osmId": "way/692607591",
        "name": "Півник",
        "nameUk": "Півник",
        "nameEn": null,
        "water": "lake",
        "leisure": null,
        "access": null,
        "source": "OpenStreetMap"
      }
    },
    {
      "type": "Feature",
      "geometry": {
        "type": "Point",
        "coordinates": [
          29.8459016,
          50.8610822
        ]
      },
      "properties": {
        "osmId": "way/695676339",
        "name": "Медянка",
        "nameUk": "Медянка",
        "nameEn": null,
        "water": "water",
        "leisure": null,
        "access": null,
        "source": "OpenStreetMap"
      }
    },
    {
      "type": "Feature",
      "geometry": {
        "type": "Point",
        "coordinates": [
          30.1994521,
          50.274575
        ]
      },
      "properties": {
        "osmId": "way/695882150",
        "name": "Купель",
        "nameUk": "Купель",
        "nameEn": null,
        "water": "reservoir",
        "leisure": null,
        "access": null,
        "source": "OpenStreetMap"
      }
    },
    {
      "type": "Feature",
      "geometry": {
        "type": "Point",
        "coordinates": [
          29.6546484,
          50.6832093
        ]
      },
      "properties": {
        "osmId": "way/696221689",
        "name": "Другий став",
        "nameUk": "Другий став",
        "nameEn": null,
        "water": "water",
        "leisure": null,
        "access": null,
        "source": "OpenStreetMap"
      }
    },
    {
      "type": "Feature",
      "geometry": {
        "type": "Point",
        "coordinates": [
          30.1448053,
          51.4028736
        ]
      },
      "properties": {
        "osmId": "way/697049906",
        "name": "озеро Ступа",
        "nameUk": "озеро Ступа",
        "nameEn": "Lake Stupa",
        "water": "lake",
        "leisure": null,
        "access": null,
        "source": "OpenStreetMap"
      }
    },
    {
      "type": "Feature",
      "geometry": {
        "type": "Point",
        "coordinates": [
          30.0265936,
          50.9695909
        ]
      },
      "properties": {
        "osmId": "way/697475845",
        "name": "Святе озеро",
        "nameUk": "Святе озеро",
        "nameEn": "Svyate",
        "water": "lake",
        "leisure": null,
        "access": null,
        "source": "OpenStreetMap"
      }
    },
    {
      "type": "Feature",
      "geometry": {
        "type": "Point",
        "coordinates": [
          31.0060509,
          50.6621254
        ]
      },
      "properties": {
        "osmId": "way/702638130",
        "name": "Затишне озеро",
        "nameUk": "Затишне озеро",
        "nameEn": null,
        "water": "lake",
        "leisure": null,
        "access": null,
        "source": "OpenStreetMap"
      }
    },
    {
      "type": "Feature",
      "geometry": {
        "type": "Point",
        "coordinates": [
          31.3835577,
          51.5277736
        ]
      },
      "properties": {
        "osmId": "way/706934943",
        "name": "копанка",
        "nameUk": "копанка",
        "nameEn": null,
        "water": "pond",
        "leisure": null,
        "access": null,
        "source": "OpenStreetMap"
      }
    },
    {
      "type": "Feature",
      "geometry": {
        "type": "Point",
        "coordinates": [
          31.6422209,
          49.9153934
        ]
      },
      "properties": {
        "osmId": "way/714097377",
        "name": "Селище",
        "nameUk": "Селище",
        "nameEn": null,
        "water": "lake",
        "leisure": null,
        "access": null,
        "source": "OpenStreetMap"
      }
    },
    {
      "type": "Feature",
      "geometry": {
        "type": "Point",
        "coordinates": [
          31.6374078,
          49.8941316
        ]
      },
      "properties": {
        "osmId": "way/714097388",
        "name": "Багни",
        "nameUk": "Багни",
        "nameEn": null,
        "water": "lake",
        "leisure": null,
        "access": null,
        "source": "OpenStreetMap"
      }
    },
    {
      "type": "Feature",
      "geometry": {
        "type": "Point",
        "coordinates": [
          31.6781191,
          49.9212893
        ]
      },
      "properties": {
        "osmId": "way/714097390",
        "name": "Глинище",
        "nameUk": "Глинище",
        "nameEn": null,
        "water": "water",
        "leisure": null,
        "access": null,
        "source": "OpenStreetMap"
      }
    },
    {
      "type": "Feature",
      "geometry": {
        "type": "Point",
        "coordinates": [
          32.224873,
          50.115932
        ]
      },
      "properties": {
        "osmId": "way/721628927",
        "name": "Рокити",
        "nameUk": "Рокити",
        "nameEn": null,
        "water": "pond",
        "leisure": null,
        "access": null,
        "source": "OpenStreetMap"
      }
    },
    {
      "type": "Feature",
      "geometry": {
        "type": "Point",
        "coordinates": [
          31.9610097,
          51.3617361
        ]
      },
      "properties": {
        "osmId": "way/730169567",
        "name": "Тиха Десна",
        "nameUk": "Тиха Десна",
        "nameEn": null,
        "water": "oxbow",
        "leisure": null,
        "access": null,
        "source": "OpenStreetMap"
      }
    },
    {
      "type": "Feature",
      "geometry": {
        "type": "Point",
        "coordinates": [
          31.7430318,
          51.4247897
        ]
      },
      "properties": {
        "osmId": "way/737782439",
        "name": "Островит",
        "nameUk": "Островит",
        "nameEn": null,
        "water": "oxbow",
        "leisure": null,
        "access": null,
        "source": "OpenStreetMap"
      }
    },
    {
      "type": "Feature",
      "geometry": {
        "type": "Point",
        "coordinates": [
          31.7670187,
          51.4175056
        ]
      },
      "properties": {
        "osmId": "way/737876614",
        "name": "Річище",
        "nameUk": "Річище",
        "nameEn": null,
        "water": "water",
        "leisure": null,
        "access": null,
        "source": "OpenStreetMap"
      }
    },
    {
      "type": "Feature",
      "geometry": {
        "type": "Point",
        "coordinates": [
          31.2551609,
          51.3754061
        ]
      },
      "properties": {
        "osmId": "way/738576226",
        "name": "Драчине",
        "nameUk": "Драчине",
        "nameEn": null,
        "water": "lake",
        "leisure": null,
        "access": null,
        "source": "OpenStreetMap"
      }
    },
    {
      "type": "Feature",
      "geometry": {
        "type": "Point",
        "coordinates": [
          31.2764004,
          51.3675155
        ]
      },
      "properties": {
        "osmId": "way/738588117",
        "name": "Смолове",
        "nameUk": "Смолове",
        "nameEn": null,
        "water": "lake",
        "leisure": null,
        "access": null,
        "source": "OpenStreetMap"
      }
    },
    {
      "type": "Feature",
      "geometry": {
        "type": "Point",
        "coordinates": [
          31.2088724,
          51.3642485
        ]
      },
      "properties": {
        "osmId": "way/738816077",
        "name": "Довга Долина",
        "nameUk": "Довга Долина",
        "nameEn": null,
        "water": "lake",
        "leisure": null,
        "access": null,
        "source": "OpenStreetMap"
      }
    },
    {
      "type": "Feature",
      "geometry": {
        "type": "Point",
        "coordinates": [
          29.5116092,
          50.6520931
        ]
      },
      "properties": {
        "osmId": "way/754340747",
        "name": "Мале Вишівське",
        "nameUk": "Мале Вишівське",
        "nameEn": null,
        "water": "water",
        "leisure": null,
        "access": null,
        "source": "OpenStreetMap"
      }
    },
    {
      "type": "Feature",
      "geometry": {
        "type": "Point",
        "coordinates": [
          31.9390958,
          50.0020811
        ]
      },
      "properties": {
        "osmId": "way/767875352",
        "name": "Романовий став",
        "nameUk": "Романовий став",
        "nameEn": null,
        "water": "water",
        "leisure": null,
        "access": null,
        "source": "OpenStreetMap"
      }
    },
    {
      "type": "Feature",
      "geometry": {
        "type": "Point",
        "coordinates": [
          31.9467047,
          49.9945545
        ]
      },
      "properties": {
        "osmId": "way/767883168",
        "name": "Прийманий став",
        "nameUk": "Прийманий став",
        "nameEn": null,
        "water": "water",
        "leisure": null,
        "access": null,
        "source": "OpenStreetMap"
      }
    },
    {
      "type": "Feature",
      "geometry": {
        "type": "Point",
        "coordinates": [
          31.2089878,
          51.3399951
        ]
      },
      "properties": {
        "osmId": "way/792316782",
        "name": "Бугри",
        "nameUk": "Бугри",
        "nameEn": null,
        "water": "lake",
        "leisure": null,
        "access": null,
        "source": "OpenStreetMap"
      }
    },
    {
      "type": "Feature",
      "geometry": {
        "type": "Point",
        "coordinates": [
          30.8997869,
          50.1644572
        ]
      },
      "properties": {
        "osmId": "way/794377266",
        "name": "Чистые пруды",
        "nameUk": "Чистые пруды",
        "nameEn": null,
        "water": "pond",
        "leisure": null,
        "access": null,
        "source": "OpenStreetMap"
      }
    },
    {
      "type": "Feature",
      "geometry": {
        "type": "Point",
        "coordinates": [
          30.5685501,
          50.570848
        ]
      },
      "properties": {
        "osmId": "way/798432111",
        "name": "Сапфірове озеро",
        "nameUk": "Сапфірове озеро",
        "nameEn": null,
        "water": "lake",
        "leisure": null,
        "access": null,
        "source": "OpenStreetMap"
      }
    },
    {
      "type": "Feature",
      "geometry": {
        "type": "Point",
        "coordinates": [
          30.2413087,
          50.1951509
        ]
      },
      "properties": {
        "osmId": "way/803849799",
        "name": "Дзеркальний став",
        "nameUk": "Дзеркальний став",
        "nameEn": null,
        "water": "water",
        "leisure": null,
        "access": null,
        "source": "OpenStreetMap"
      }
    },
    {
      "type": "Feature",
      "geometry": {
        "type": "Point",
        "coordinates": [
          31.2344873,
          51.3766423
        ]
      },
      "properties": {
        "osmId": "way/808156234",
        "name": "Яковель",
        "nameUk": "Яковель",
        "nameEn": "Yakovel",
        "water": "lake",
        "leisure": null,
        "access": null,
        "source": "OpenStreetMap"
      }
    },
    {
      "type": "Feature",
      "geometry": {
        "type": "Point",
        "coordinates": [
          31.7576776,
          50.2618497
        ]
      },
      "properties": {
        "osmId": "way/810055237",
        "name": "Супій",
        "nameUk": "Супій",
        "nameEn": "Supiy",
        "water": "water",
        "leisure": null,
        "access": null,
        "source": "OpenStreetMap"
      }
    },
    {
      "type": "Feature",
      "geometry": {
        "type": "Point",
        "coordinates": [
          31.758197,
          50.2643034
        ]
      },
      "properties": {
        "osmId": "way/810055239",
        "name": "Супій",
        "nameUk": "Супій",
        "nameEn": "Supiy",
        "water": "water",
        "leisure": null,
        "access": null,
        "source": "OpenStreetMap"
      }
    },
    {
      "type": "Feature",
      "geometry": {
        "type": "Point",
        "coordinates": [
          31.7607445,
          50.2562221
        ]
      },
      "properties": {
        "osmId": "way/810055240",
        "name": "Супій",
        "nameUk": "Супій",
        "nameEn": "Supiy",
        "water": "water",
        "leisure": null,
        "access": null,
        "source": "OpenStreetMap"
      }
    },
    {
      "type": "Feature",
      "geometry": {
        "type": "Point",
        "coordinates": [
          31.7628685,
          50.250838
        ]
      },
      "properties": {
        "osmId": "way/810055245",
        "name": "Супій",
        "nameUk": "Супій",
        "nameEn": "Supiy",
        "water": "water",
        "leisure": null,
        "access": null,
        "source": "OpenStreetMap"
      }
    },
    {
      "type": "Feature",
      "geometry": {
        "type": "Point",
        "coordinates": [
          31.183061,
          51.544305
        ]
      },
      "properties": {
        "osmId": "way/819390272",
        "name": "Лебедине озеро",
        "nameUk": "Лебедине озеро",
        "nameEn": null,
        "water": "water",
        "leisure": null,
        "access": null,
        "source": "OpenStreetMap"
      }
    },
    {
      "type": "Feature",
      "geometry": {
        "type": "Point",
        "coordinates": [
          31.4166162,
          51.5219314
        ]
      },
      "properties": {
        "osmId": "way/824799375",
        "name": "Копанка садівничого товариства Лісова Поляна",
        "nameUk": "Копанка садівничого товариства Лісова Поляна",
        "nameEn": null,
        "water": "pond",
        "leisure": null,
        "access": null,
        "source": "OpenStreetMap"
      }
    },
    {
      "type": "Feature",
      "geometry": {
        "type": "Point",
        "coordinates": [
          30.5676815,
          50.5751469
        ]
      },
      "properties": {
        "osmId": "way/844295274",
        "name": "Дружнє озеро",
        "nameUk": "Дружнє озеро",
        "nameEn": null,
        "water": "lake",
        "leisure": null,
        "access": null,
        "source": "OpenStreetMap"
      }
    },
    {
      "type": "Feature",
      "geometry": {
        "type": "Point",
        "coordinates": [
          30.5520102,
          50.560576
        ]
      },
      "properties": {
        "osmId": "way/845075130",
        "name": "Канал",
        "nameUk": "Канал",
        "nameEn": null,
        "water": "water",
        "leisure": null,
        "access": null,
        "source": "OpenStreetMap"
      }
    },
    {
      "type": "Feature",
      "geometry": {
        "type": "Point",
        "coordinates": [
          31.7697068,
          49.9130365
        ]
      },
      "properties": {
        "osmId": "way/853207613",
        "name": "Руде озеро",
        "nameUk": "Руде озеро",
        "nameEn": null,
        "water": "lake",
        "leisure": null,
        "access": null,
        "source": "OpenStreetMap"
      }
    },
    {
      "type": "Feature",
      "geometry": {
        "type": "Point",
        "coordinates": [
          30.5564271,
          50.5760529
        ]
      },
      "properties": {
        "osmId": "way/856696983",
        "name": "Озеро Любчик",
        "nameUk": "Озеро Любчик",
        "nameEn": null,
        "water": "lake",
        "leisure": null,
        "access": null,
        "source": "OpenStreetMap"
      }
    },
    {
      "type": "Feature",
      "geometry": {
        "type": "Point",
        "coordinates": [
          30.718278,
          50.3086644
        ]
      },
      "properties": {
        "osmId": "way/879404490",
        "name": "Ковтеб",
        "nameUk": "Ковтеб",
        "nameEn": null,
        "water": "lake",
        "leisure": null,
        "access": null,
        "source": "OpenStreetMap"
      }
    },
    {
      "type": "Feature",
      "geometry": {
        "type": "Point",
        "coordinates": [
          30.9142422,
          50.5846357
        ]
      },
      "properties": {
        "osmId": "way/890862449",
        "name": "Сажалка",
        "nameUk": "Сажалка",
        "nameEn": null,
        "water": "lake",
        "leisure": null,
        "access": null,
        "source": "OpenStreetMap"
      }
    },
    {
      "type": "Feature",
      "geometry": {
        "type": "Point",
        "coordinates": [
          31.9809034,
          50.3731095
        ]
      },
      "properties": {
        "osmId": "way/903016161",
        "name": "Копанка Ниви Переяславщини",
        "nameUk": "Копанка Ниви Переяславщини",
        "nameEn": null,
        "water": "pond",
        "leisure": null,
        "access": null,
        "source": "OpenStreetMap"
      }
    },
    {
      "type": "Feature",
      "geometry": {
        "type": "Point",
        "coordinates": [
          29.8177729,
          50.1710738
        ]
      },
      "properties": {
        "osmId": "way/905797512",
        "name": "Жабник",
        "nameUk": "Жабник",
        "nameEn": null,
        "water": "pond",
        "leisure": null,
        "access": null,
        "source": "OpenStreetMap"
      }
    },
    {
      "type": "Feature",
      "geometry": {
        "type": "Point",
        "coordinates": [
          30.8845108,
          50.941321
        ]
      },
      "properties": {
        "osmId": "way/919319146",
        "name": "Остер",
        "nameUk": "Остер",
        "nameEn": null,
        "water": "river",
        "leisure": null,
        "access": null,
        "source": "OpenStreetMap"
      }
    },
    {
      "type": "Feature",
      "geometry": {
        "type": "Point",
        "coordinates": [
          30.85581,
          50.9522789
        ]
      },
      "properties": {
        "osmId": "way/919319148",
        "name": "Озеро Солдацьке",
        "nameUk": "Озеро Солдацьке",
        "nameEn": null,
        "water": "water",
        "leisure": null,
        "access": null,
        "source": "OpenStreetMap"
      }
    },
    {
      "type": "Feature",
      "geometry": {
        "type": "Point",
        "coordinates": [
          32.2119114,
          50.3783131
        ]
      },
      "properties": {
        "osmId": "way/943755305",
        "name": "Сливин ставок",
        "nameUk": "Сливин ставок",
        "nameEn": null,
        "water": "pond",
        "leisure": null,
        "access": null,
        "source": "OpenStreetMap"
      }
    },
    {
      "type": "Feature",
      "geometry": {
        "type": "Point",
        "coordinates": [
          32.2052635,
          50.3802578
        ]
      },
      "properties": {
        "osmId": "way/943755311",
        "name": "Чернечний ставок",
        "nameUk": "Чернечний ставок",
        "nameEn": null,
        "water": "pond",
        "leisure": null,
        "access": null,
        "source": "OpenStreetMap"
      }
    },
    {
      "type": "Feature",
      "geometry": {
        "type": "Point",
        "coordinates": [
          30.9202718,
          50.6002665
        ]
      },
      "properties": {
        "osmId": "way/949169341",
        "name": "Виповз",
        "nameUk": "Виповз",
        "nameEn": null,
        "water": "lake",
        "leisure": null,
        "access": null,
        "source": "OpenStreetMap"
      }
    },
    {
      "type": "Feature",
      "geometry": {
        "type": "Point",
        "coordinates": [
          31.2460622,
          50.7291066
        ]
      },
      "properties": {
        "osmId": "way/962755491",
        "name": "Ремня",
        "nameUk": "Ремня",
        "nameEn": null,
        "water": "lake",
        "leisure": null,
        "access": null,
        "source": "OpenStreetMap"
      }
    },
    {
      "type": "Feature",
      "geometry": {
        "type": "Point",
        "coordinates": [
          31.2348322,
          50.7431146
        ]
      },
      "properties": {
        "osmId": "way/962937916",
        "name": "Кругле",
        "nameUk": "Кругле",
        "nameEn": null,
        "water": "pond",
        "leisure": null,
        "access": null,
        "source": "OpenStreetMap"
      }
    },
    {
      "type": "Feature",
      "geometry": {
        "type": "Point",
        "coordinates": [
          31.1704469,
          50.7259016
        ]
      },
      "properties": {
        "osmId": "way/962961472",
        "name": "Китайське озеро",
        "nameUk": "Китайське озеро",
        "nameEn": null,
        "water": "pond",
        "leisure": null,
        "access": null,
        "source": "OpenStreetMap"
      }
    },
    {
      "type": "Feature",
      "geometry": {
        "type": "Point",
        "coordinates": [
          31.1972635,
          50.7033546
        ]
      },
      "properties": {
        "osmId": "way/962961476",
        "name": "Буни",
        "nameUk": "Буни",
        "nameEn": null,
        "water": "pond",
        "leisure": null,
        "access": null,
        "source": "OpenStreetMap"
      }
    },
    {
      "type": "Feature",
      "geometry": {
        "type": "Point",
        "coordinates": [
          30.2787335,
          50.107145
        ]
      },
      "properties": {
        "osmId": "way/970173076",
        "name": "Заменський ставок",
        "nameUk": "Заменський ставок",
        "nameEn": null,
        "water": "pond",
        "leisure": null,
        "access": null,
        "source": "OpenStreetMap"
      }
    },
    {
      "type": "Feature",
      "geometry": {
        "type": "Point",
        "coordinates": [
          29.7575436,
          49.9058077
        ]
      },
      "properties": {
        "osmId": "way/976327392",
        "name": "Габелки",
        "nameUk": "Габелки",
        "nameEn": null,
        "water": "pond",
        "leisure": null,
        "access": null,
        "source": "OpenStreetMap"
      }
    },
    {
      "type": "Feature",
      "geometry": {
        "type": "Point",
        "coordinates": [
          29.3760773,
          50.2498246
        ]
      },
      "properties": {
        "osmId": "way/986655225",
        "name": "Шуляківка",
        "nameUk": "Шуляківка",
        "nameEn": null,
        "water": "pond",
        "leisure": null,
        "access": null,
        "source": "OpenStreetMap"
      }
    },
    {
      "type": "Feature",
      "geometry": {
        "type": "Point",
        "coordinates": [
          30.4777946,
          50.4017553
        ]
      },
      "properties": {
        "osmId": "way/995288193",
        "name": "Очеретяний",
        "nameUk": "Очеретяний",
        "nameEn": null,
        "water": "pond",
        "leisure": null,
        "access": null,
        "source": "OpenStreetMap"
      }
    },
    {
      "type": "Feature",
      "geometry": {
        "type": "Point",
        "coordinates": [
          30.9373851,
          50.5937143
        ]
      },
      "properties": {
        "osmId": "way/1020042850",
        "name": "Копанка",
        "nameUk": "Копанка",
        "nameEn": null,
        "water": "lake",
        "leisure": null,
        "access": null,
        "source": "OpenStreetMap"
      }
    },
    {
      "type": "Feature",
      "geometry": {
        "type": "Point",
        "coordinates": [
          30.5139468,
          50.4487313
        ]
      },
      "properties": {
        "osmId": "way/1033341123",
        "name": "Фонтан Термена",
        "nameUk": "Фонтан Термена",
        "nameEn": null,
        "water": "water",
        "leisure": null,
        "access": null,
        "source": "OpenStreetMap"
      }
    },
    {
      "type": "Feature",
      "geometry": {
        "type": "Point",
        "coordinates": [
          30.4454334,
          50.0565944
        ]
      },
      "properties": {
        "osmId": "way/1093718789",
        "name": "Купель",
        "nameUk": "Купель",
        "nameEn": null,
        "water": "stream_pool",
        "leisure": null,
        "access": null,
        "source": "OpenStreetMap"
      }
    },
    {
      "type": "Feature",
      "geometry": {
        "type": "Point",
        "coordinates": [
          30.0891928,
          50.3299708
        ]
      },
      "properties": {
        "osmId": "way/1098222717",
        "name": "Ластівчин став",
        "nameUk": "Ластівчин став",
        "nameEn": null,
        "water": "pond",
        "leisure": null,
        "access": null,
        "source": "OpenStreetMap"
      }
    },
    {
      "type": "Feature",
      "geometry": {
        "type": "Point",
        "coordinates": [
          29.5969699,
          49.9807739
        ]
      },
      "properties": {
        "osmId": "way/1102510680",
        "name": "Бернове водосховище",
        "nameUk": "Бернове водосховище",
        "nameEn": null,
        "water": "reservoir",
        "leisure": null,
        "access": null,
        "source": "OpenStreetMap"
      }
    },
    {
      "type": "Feature",
      "geometry": {
        "type": "Point",
        "coordinates": [
          30.262545,
          50.2562228
        ]
      },
      "properties": {
        "osmId": "way/1110838393",
        "name": "Пожежна водойма",
        "nameUk": "Пожежна водойма",
        "nameEn": null,
        "water": "pond",
        "leisure": null,
        "access": null,
        "source": "OpenStreetMap"
      }
    },
    {
      "type": "Feature",
      "geometry": {
        "type": "Point",
        "coordinates": [
          30.7639984,
          50.4849647
        ]
      },
      "properties": {
        "osmId": "way/1117580591",
        "name": "Світловщина",
        "nameUk": "Світловщина",
        "nameEn": null,
        "water": "озеро",
        "leisure": null,
        "access": null,
        "source": "OpenStreetMap"
      }
    },
    {
      "type": "Feature",
      "geometry": {
        "type": "Point",
        "coordinates": [
          30.5357005,
          50.4483651
        ]
      },
      "properties": {
        "osmId": "way/1125222324",
        "name": "Фонтан Термена",
        "nameUk": "Фонтан Термена",
        "nameEn": null,
        "water": "water",
        "leisure": null,
        "access": null,
        "source": "OpenStreetMap"
      }
    },
    {
      "type": "Feature",
      "geometry": {
        "type": "Point",
        "coordinates": [
          30.5330277,
          50.4456067
        ]
      },
      "properties": {
        "osmId": "way/1125240869",
        "name": "Старий фонтан у парку",
        "nameUk": "Старий фонтан у парку",
        "nameEn": null,
        "water": "water",
        "leisure": null,
        "access": null,
        "source": "OpenStreetMap"
      }
    },
    {
      "type": "Feature",
      "geometry": {
        "type": "Point",
        "coordinates": [
          30.5026505,
          50.4494954
        ]
      },
      "properties": {
        "osmId": "way/1125270501",
        "name": "Фонтан Термена",
        "nameUk": "Фонтан Термена",
        "nameEn": null,
        "water": "water",
        "leisure": null,
        "access": null,
        "source": "OpenStreetMap"
      }
    },
    {
      "type": "Feature",
      "geometry": {
        "type": "Point",
        "coordinates": [
          30.5186638,
          50.4540457
        ]
      },
      "properties": {
        "osmId": "way/1125344621",
        "name": "Малий фонтан Термена",
        "nameUk": "Малий фонтан Термена",
        "nameEn": null,
        "water": "water",
        "leisure": null,
        "access": null,
        "source": "OpenStreetMap"
      }
    },
    {
      "type": "Feature",
      "geometry": {
        "type": "Point",
        "coordinates": [
          30.5200877,
          50.4545676
        ]
      },
      "properties": {
        "osmId": "way/1125344622",
        "name": "Лев-водолій",
        "nameUk": "Лев-водолій",
        "nameEn": null,
        "water": "water",
        "leisure": null,
        "access": null,
        "source": "OpenStreetMap"
      }
    },
    {
      "type": "Feature",
      "geometry": {
        "type": "Point",
        "coordinates": [
          30.5300047,
          50.4518748
        ]
      },
      "properties": {
        "osmId": "way/1130565321",
        "name": "Дюймовочка",
        "nameUk": "Дюймовочка",
        "nameEn": "Thumbelina",
        "water": "water",
        "leisure": null,
        "access": null,
        "source": "OpenStreetMap"
      }
    },
    {
      "type": "Feature",
      "geometry": {
        "type": "Point",
        "coordinates": [
          29.4589942,
          49.9935356
        ]
      },
      "properties": {
        "osmId": "way/1158823057",
        "name": "Миролюбівський кар'єр",
        "nameUk": "Миролюбівський кар'єр",
        "nameEn": null,
        "water": "water",
        "leisure": null,
        "access": null,
        "source": "OpenStreetMap"
      }
    },
    {
      "type": "Feature",
      "geometry": {
        "type": "Point",
        "coordinates": [
          29.8500214,
          50.392514
        ]
      },
      "properties": {
        "osmId": "way/1165981140",
        "name": "Приватний ставок",
        "nameUk": "Приватний ставок",
        "nameEn": null,
        "water": "pond",
        "leisure": null,
        "access": null,
        "source": "OpenStreetMap"
      }
    },
    {
      "type": "Feature",
      "geometry": {
        "type": "Point",
        "coordinates": [
          29.8493501,
          50.394488
        ]
      },
      "properties": {
        "osmId": "way/1165982028",
        "name": "Лісовий ставок",
        "nameUk": "Лісовий ставок",
        "nameEn": null,
        "water": "pond",
        "leisure": null,
        "access": null,
        "source": "OpenStreetMap"
      }
    },
    {
      "type": "Feature",
      "geometry": {
        "type": "Point",
        "coordinates": [
          31.5836039,
          49.9108583
        ]
      },
      "properties": {
        "osmId": "way/1166116773",
        "name": "Довгеньке озеро",
        "nameUk": "Довгеньке озеро",
        "nameEn": null,
        "water": "water",
        "leisure": null,
        "access": null,
        "source": "OpenStreetMap"
      }
    },
    {
      "type": "Feature",
      "geometry": {
        "type": "Point",
        "coordinates": [
          31.703818,
          50.2943416
        ]
      },
      "properties": {
        "osmId": "way/1186627148",
        "name": "Кирильське озеро",
        "nameUk": "Кирильське озеро",
        "nameEn": null,
        "water": "pond",
        "leisure": null,
        "access": null,
        "source": "OpenStreetMap"
      }
    },
    {
      "type": "Feature",
      "geometry": {
        "type": "Point",
        "coordinates": [
          31.1002159,
          49.9716248
        ]
      },
      "properties": {
        "osmId": "way/1192921759",
        "name": "Водограй",
        "nameUk": "Водограй",
        "nameEn": null,
        "water": "fountain",
        "leisure": null,
        "access": null,
        "source": "OpenStreetMap"
      }
    },
    {
      "type": "Feature",
      "geometry": {
        "type": "Point",
        "coordinates": [
          30.7619421,
          50.4988912
        ]
      },
      "properties": {
        "osmId": "way/1195655855",
        "name": "Монах",
        "nameUk": "Монах",
        "nameEn": null,
        "water": "lake",
        "leisure": null,
        "access": null,
        "source": "OpenStreetMap"
      }
    },
    {
      "type": "Feature",
      "geometry": {
        "type": "Point",
        "coordinates": [
          30.7745223,
          50.6494859
        ]
      },
      "properties": {
        "osmId": "way/1198722549",
        "name": "Підкова",
        "nameUk": "Підкова",
        "nameEn": null,
        "water": "lake",
        "leisure": null,
        "access": null,
        "source": "OpenStreetMap"
      }
    },
    {
      "type": "Feature",
      "geometry": {
        "type": "Point",
        "coordinates": [
          30.7174956,
          50.6574192
        ]
      },
      "properties": {
        "osmId": "way/1203977483",
        "name": "Лелик",
        "nameUk": "Лелик",
        "nameEn": null,
        "water": "lake",
        "leisure": null,
        "access": null,
        "source": "OpenStreetMap"
      }
    },
    {
      "type": "Feature",
      "geometry": {
        "type": "Point",
        "coordinates": [
          32.0264052,
          51.5275058
        ]
      },
      "properties": {
        "osmId": "way/1205186206",
        "name": "Дягівка",
        "nameUk": "Дягівка",
        "nameEn": null,
        "water": "lake",
        "leisure": null,
        "access": null,
        "source": "OpenStreetMap"
      }
    },
    {
      "type": "Feature",
      "geometry": {
        "type": "Point",
        "coordinates": [
          30.4483441,
          50.3691275
        ]
      },
      "properties": {
        "osmId": "way/1272700084",
        "name": "Басейн ЖК Республіка",
        "nameUk": "Басейн ЖК Республіка",
        "nameEn": "Swimming pool of the residential complex Respublika",
        "water": "basin",
        "leisure": null,
        "access": null,
        "source": "OpenStreetMap"
      }
    },
    {
      "type": "Feature",
      "geometry": {
        "type": "Point",
        "coordinates": [
          30.4483206,
          50.3689427
        ]
      },
      "properties": {
        "osmId": "way/1276132138",
        "name": "Дитячий басейн ЖК Республіка",
        "nameUk": "Дитячий басейн ЖК Республіка",
        "nameEn": null,
        "water": "basin",
        "leisure": null,
        "access": null,
        "source": "OpenStreetMap"
      }
    },
    {
      "type": "Feature",
      "geometry": {
        "type": "Point",
        "coordinates": [
          30.5069818,
          50.5903656
        ]
      },
      "properties": {
        "osmId": "way/1295810505",
        "name": "Шлюз Київської ГЕС",
        "nameUk": "Шлюз Київської ГЕС",
        "nameEn": null,
        "water": "canal",
        "leisure": null,
        "access": null,
        "source": "OpenStreetMap"
      }
    },
    {
      "type": "Feature",
      "geometry": {
        "type": "Point",
        "coordinates": [
          31.3178836,
          51.5413855
        ]
      },
      "properties": {
        "osmId": "way/1299973512",
        "name": "Озеро",
        "nameUk": "Озеро",
        "nameEn": null,
        "water": "lake",
        "leisure": null,
        "access": null,
        "source": "OpenStreetMap"
      }
    },
    {
      "type": "Feature",
      "geometry": {
        "type": "Point",
        "coordinates": [
          31.3174757,
          51.5418945
        ]
      },
      "properties": {
        "osmId": "way/1300008310",
        "name": "ставок",
        "nameUk": "ставок",
        "nameEn": null,
        "water": "lake",
        "leisure": null,
        "access": null,
        "source": "OpenStreetMap"
      }
    },
    {
      "type": "Feature",
      "geometry": {
        "type": "Point",
        "coordinates": [
          30.8937183,
          50.7615126
        ]
      },
      "properties": {
        "osmId": "way/1316059604",
        "name": "Розкошівка",
        "nameUk": "Розкошівка",
        "nameEn": null,
        "water": "lake",
        "leisure": null,
        "access": null,
        "source": "OpenStreetMap"
      }
    },
    {
      "type": "Feature",
      "geometry": {
        "type": "Point",
        "coordinates": [
          31.1259556,
          50.9857798
        ]
      },
      "properties": {
        "osmId": "way/1328564723",
        "name": "Копанка",
        "nameUk": "Копанка",
        "nameEn": null,
        "water": "pond",
        "leisure": null,
        "access": null,
        "source": "OpenStreetMap"
      }
    },
    {
      "type": "Feature",
      "geometry": {
        "type": "Point",
        "coordinates": [
          30.8785184,
          50.1727336
        ]
      },
      "properties": {
        "osmId": "way/1331695967",
        "name": "Гук",
        "nameUk": "Гук",
        "nameEn": null,
        "water": "pond",
        "leisure": null,
        "access": null,
        "source": "OpenStreetMap"
      }
    },
    {
      "type": "Feature",
      "geometry": {
        "type": "Point",
        "coordinates": [
          31.2248358,
          50.8590785
        ]
      },
      "properties": {
        "osmId": "way/1341963771",
        "name": "Копанка",
        "nameUk": "Копанка",
        "nameEn": null,
        "water": "pond",
        "leisure": null,
        "access": null,
        "source": "OpenStreetMap"
      }
    },
    {
      "type": "Feature",
      "geometry": {
        "type": "Point",
        "coordinates": [
          31.239138,
          50.8559175
        ]
      },
      "properties": {
        "osmId": "way/1341963773",
        "name": "Овечник",
        "nameUk": "Овечник",
        "nameEn": null,
        "water": "pond",
        "leisure": null,
        "access": null,
        "source": "OpenStreetMap"
      }
    },
    {
      "type": "Feature",
      "geometry": {
        "type": "Point",
        "coordinates": [
          30.8945322,
          50.2209161
        ]
      },
      "properties": {
        "osmId": "way/1360996546",
        "name": "Иква",
        "nameUk": "Иква",
        "nameEn": null,
        "water": "river",
        "leisure": null,
        "access": null,
        "source": "OpenStreetMap"
      }
    },
    {
      "type": "Feature",
      "geometry": {
        "type": "Point",
        "coordinates": [
          30.8950793,
          50.2214965
        ]
      },
      "properties": {
        "osmId": "way/1360996547",
        "name": "Млен",
        "nameUk": "Млен",
        "nameEn": null,
        "water": "river",
        "leisure": null,
        "access": null,
        "source": "OpenStreetMap"
      }
    },
    {
      "type": "Feature",
      "geometry": {
        "type": "Point",
        "coordinates": [
          30.061866,
          50.2992742
        ]
      },
      "properties": {
        "osmId": "way/1370043683",
        "name": "water",
        "nameUk": "water",
        "nameEn": null,
        "water": "lake",
        "leisure": null,
        "access": null,
        "source": "OpenStreetMap"
      }
    },
    {
      "type": "Feature",
      "geometry": {
        "type": "Point",
        "coordinates": [
          30.0627378,
          50.3003288
        ]
      },
      "properties": {
        "osmId": "way/1370050669",
        "name": "water",
        "nameUk": "water",
        "nameEn": null,
        "water": "lake",
        "leisure": null,
        "access": null,
        "source": "OpenStreetMap"
      }
    },
    {
      "type": "Feature",
      "geometry": {
        "type": "Point",
        "coordinates": [
          31.2340522,
          51.5345672
        ]
      },
      "properties": {
        "osmId": "way/1372055769",
        "name": "Масанівське",
        "nameUk": "Масанівське",
        "nameEn": null,
        "water": "lake",
        "leisure": null,
        "access": null,
        "source": "OpenStreetMap"
      }
    },
    {
      "type": "Feature",
      "geometry": {
        "type": "Point",
        "coordinates": [
          30.9647873,
          51.4426241
        ]
      },
      "properties": {
        "osmId": "way/1376101334",
        "name": "Кархівське",
        "nameUk": "Кархівське",
        "nameEn": null,
        "water": "lake",
        "leisure": null,
        "access": null,
        "source": "OpenStreetMap"
      }
    },
    {
      "type": "Feature",
      "geometry": {
        "type": "Point",
        "coordinates": [
          31.1268646,
          51.3423499
        ]
      },
      "properties": {
        "osmId": "way/1376465028",
        "name": "Ямочка",
        "nameUk": "Ямочка",
        "nameEn": null,
        "water": "lake",
        "leisure": null,
        "access": null,
        "source": "OpenStreetMap"
      }
    },
    {
      "type": "Feature",
      "geometry": {
        "type": "Point",
        "coordinates": [
          31.107513,
          51.3054741
        ]
      },
      "properties": {
        "osmId": "way/1376467434",
        "name": "Дайнегін",
        "nameUk": "Дайнегін",
        "nameEn": null,
        "water": "lake",
        "leisure": null,
        "access": null,
        "source": "OpenStreetMap"
      }
    },
    {
      "type": "Feature",
      "geometry": {
        "type": "Point",
        "coordinates": [
          31.5732273,
          51.4411514
        ]
      },
      "properties": {
        "osmId": "way/1377767505",
        "name": "Стойло",
        "nameUk": "Стойло",
        "nameEn": null,
        "water": "lake",
        "leisure": null,
        "access": null,
        "source": "OpenStreetMap"
      }
    },
    {
      "type": "Feature",
      "geometry": {
        "type": "Point",
        "coordinates": [
          30.5630425,
          50.5302755
        ]
      },
      "properties": {
        "osmId": "way/1378420764",
        "name": "Затока \"Доманя\"",
        "nameUk": "Затока \"Доманя\"",
        "nameEn": null,
        "water": "water",
        "leisure": null,
        "access": null,
        "source": "OpenStreetMap"
      }
    },
    {
      "type": "Feature",
      "geometry": {
        "type": "Point",
        "coordinates": [
          31.02934,
          51.3090141
        ]
      },
      "properties": {
        "osmId": "way/1379893255",
        "name": "Круг",
        "nameUk": "Круг",
        "nameEn": null,
        "water": "lake",
        "leisure": null,
        "access": null,
        "source": "OpenStreetMap"
      }
    },
    {
      "type": "Feature",
      "geometry": {
        "type": "Point",
        "coordinates": [
          31.5786751,
          49.8903279
        ]
      },
      "properties": {
        "osmId": "way/1390507940",
        "name": "Минине озеро",
        "nameUk": "Минине озеро",
        "nameEn": null,
        "water": "lake",
        "leisure": null,
        "access": null,
        "source": "OpenStreetMap"
      }
    },
    {
      "type": "Feature",
      "geometry": {
        "type": "Point",
        "coordinates": [
          30.4518075,
          50.2525738
        ]
      },
      "properties": {
        "osmId": "way/1392692453",
        "name": "ставок в Козак Хуторі",
        "nameUk": "ставок в Козак Хуторі",
        "nameEn": null,
        "water": "pond",
        "leisure": null,
        "access": null,
        "source": "OpenStreetMap"
      }
    },
    {
      "type": "Feature",
      "geometry": {
        "type": "Point",
        "coordinates": [
          30.3551701,
          50.2907876
        ]
      },
      "properties": {
        "osmId": "way/1431676952",
        "name": "озеро",
        "nameUk": "озеро",
        "nameEn": null,
        "water": "lake",
        "leisure": null,
        "access": null,
        "source": "OpenStreetMap"
      }
    },
    {
      "type": "Feature",
      "geometry": {
        "type": "Point",
        "coordinates": [
          30.3544845,
          50.2901303
        ]
      },
      "properties": {
        "osmId": "way/1431676953",
        "name": "озеро",
        "nameUk": "озеро",
        "nameEn": null,
        "water": "lake",
        "leisure": null,
        "access": null,
        "source": "OpenStreetMap"
      }
    },
    {
      "type": "Feature",
      "geometry": {
        "type": "Point",
        "coordinates": [
          31.1500358,
          50.9607451
        ]
      },
      "properties": {
        "osmId": "way/1512966610",
        "name": "Фермерське",
        "nameUk": "Фермерське",
        "nameEn": null,
        "water": "lake",
        "leisure": null,
        "access": null,
        "source": "OpenStreetMap"
      }
    },
    {
      "type": "Feature",
      "geometry": {
        "type": "Point",
        "coordinates": [
          29.3191435,
          50.7560957
        ]
      },
      "properties": {
        "osmId": "way/1546907137",
        "name": "малинський кар'єр",
        "nameUk": "малинський кар'єр",
        "nameEn": null,
        "water": "reservoir",
        "leisure": null,
        "access": null,
        "source": "OpenStreetMap"
      }
    },
    {
      "type": "Feature",
      "geometry": {
        "type": "Point",
        "coordinates": [
          30.5585729,
          50.4971472
        ]
      },
      "properties": {
        "osmId": "relation/66386",
        "name": "Десенка",
        "nameUk": "Десенка",
        "nameEn": null,
        "water": "river",
        "leisure": null,
        "access": null,
        "source": "OpenStreetMap"
      }
    },
    {
      "type": "Feature",
      "geometry": {
        "type": "Point",
        "coordinates": [
          31.0834658,
          51.0411652
        ]
      },
      "properties": {
        "osmId": "relation/1017128",
        "name": "Десна",
        "nameUk": "Десна",
        "nameEn": "Desna",
        "water": "river",
        "leisure": null,
        "access": null,
        "source": "OpenStreetMap"
      }
    },
    {
      "type": "Feature",
      "geometry": {
        "type": "Point",
        "coordinates": [
          30.5680353,
          50.3676716
        ]
      },
      "properties": {
        "osmId": "relation/1597452",
        "name": "Галерна затока",
        "nameUk": "Галерна затока",
        "nameEn": null,
        "water": "lake",
        "leisure": null,
        "access": null,
        "source": "OpenStreetMap"
      }
    },
    {
      "type": "Feature",
      "geometry": {
        "type": "Point",
        "coordinates": [
          30.5577728,
          50.3677167
        ]
      },
      "properties": {
        "osmId": "relation/1597453",
        "name": "затока Миколайчик",
        "nameUk": "затока Миколайчик",
        "nameEn": null,
        "water": "lake",
        "leisure": null,
        "access": null,
        "source": "OpenStreetMap"
      }
    },
    {
      "type": "Feature",
      "geometry": {
        "type": "Point",
        "coordinates": [
          30.4460335,
          50.9218223
        ]
      },
      "properties": {
        "osmId": "relation/1605938",
        "name": "Київське водосховище",
        "nameUk": "Київське водосховище",
        "nameEn": "Kyiv Reservoir",
        "water": "reservoir",
        "leisure": null,
        "access": null,
        "source": "OpenStreetMap"
      }
    },
    {
      "type": "Feature",
      "geometry": {
        "type": "Point",
        "coordinates": [
          30.5568374,
          50.3077953
        ]
      },
      "properties": {
        "osmId": "relation/1636916",
        "name": "Відро озеро",
        "nameUk": "Відро озеро",
        "nameEn": null,
        "water": "lake",
        "leisure": null,
        "access": null,
        "source": "OpenStreetMap"
      }
    },
    {
      "type": "Feature",
      "geometry": {
        "type": "Point",
        "coordinates": [
          30.6070498,
          50.2997017
        ]
      },
      "properties": {
        "osmId": "relation/1661987",
        "name": "Заспа",
        "nameUk": "Заспа",
        "nameEn": null,
        "water": "water",
        "leisure": null,
        "access": null,
        "source": "OpenStreetMap"
      }
    },
    {
      "type": "Feature",
      "geometry": {
        "type": "Point",
        "coordinates": [
          30.5989926,
          50.2931759
        ]
      },
      "properties": {
        "osmId": "relation/1671922",
        "name": "Конча",
        "nameUk": "Конча",
        "nameEn": "Koncha",
        "water": "lake",
        "leisure": null,
        "access": null,
        "source": "OpenStreetMap"
      }
    },
    {
      "type": "Feature",
      "geometry": {
        "type": "Point",
        "coordinates": [
          30.3485168,
          50.5355412
        ]
      },
      "properties": {
        "osmId": "relation/1679854",
        "name": "Горащиха",
        "nameUk": "Горащиха",
        "nameEn": null,
        "water": "water",
        "leisure": null,
        "access": null,
        "source": "OpenStreetMap"
      }
    },
    {
      "type": "Feature",
      "geometry": {
        "type": "Point",
        "coordinates": [
          30.4916492,
          50.3406423
        ]
      },
      "properties": {
        "osmId": "relation/1773963",
        "name": "Паладинські ставки",
        "nameUk": "Паладинські ставки",
        "nameEn": null,
        "water": "pond",
        "leisure": null,
        "access": null,
        "source": "OpenStreetMap"
      }
    },
    {
      "type": "Feature",
      "geometry": {
        "type": "Point",
        "coordinates": [
          31.3229678,
          51.4630839
        ]
      },
      "properties": {
        "osmId": "relation/1952645",
        "name": "Глушець",
        "nameUk": "Глушець",
        "nameEn": null,
        "water": "water",
        "leisure": null,
        "access": null,
        "source": "OpenStreetMap"
      }
    },
    {
      "type": "Feature",
      "geometry": {
        "type": "Point",
        "coordinates": [
          30.5027593,
          50.3755742
        ]
      },
      "properties": {
        "osmId": "relation/1980466",
        "name": "Дідорівка ставок",
        "nameUk": "Дідорівка ставок",
        "nameEn": null,
        "water": "pond",
        "leisure": null,
        "access": null,
        "source": "OpenStreetMap"
      }
    },
    {
      "type": "Feature",
      "geometry": {
        "type": "Point",
        "coordinates": [
          30.6489368,
          50.3781208
        ]
      },
      "properties": {
        "osmId": "relation/2002308",
        "name": "Тягле",
        "nameUk": "Тягле",
        "nameEn": null,
        "water": "lake",
        "leisure": null,
        "access": null,
        "source": "OpenStreetMap"
      }
    },
    {
      "type": "Feature",
      "geometry": {
        "type": "Point",
        "coordinates": [
          31.7414109,
          50.2590919
        ]
      },
      "properties": {
        "osmId": "relation/2022406",
        "name": "Великий Супій",
        "nameUk": "Великий Супій",
        "nameEn": "Big Supiy",
        "water": "water",
        "leisure": null,
        "access": null,
        "source": "OpenStreetMap"
      }
    },
    {
      "type": "Feature",
      "geometry": {
        "type": "Point",
        "coordinates": [
          30.6035184,
          50.3756523
        ]
      },
      "properties": {
        "osmId": "relation/2180123",
        "name": "Підбірна",
        "nameUk": "Підбірна",
        "nameEn": null,
        "water": "lake",
        "leisure": null,
        "access": null,
        "source": "OpenStreetMap"
      }
    },
    {
      "type": "Feature",
      "geometry": {
        "type": "Point",
        "coordinates": [
          30.7069903,
          50.1428966
        ]
      },
      "properties": {
        "osmId": "relation/2190497",
        "name": "Стугна",
        "nameUk": "Стугна",
        "nameEn": "Stuhna",
        "water": "river",
        "leisure": null,
        "access": null,
        "source": "OpenStreetMap"
      }
    },
    {
      "type": "Feature",
      "geometry": {
        "type": "Point",
        "coordinates": [
          29.8677025,
          50.0605647
        ]
      },
      "properties": {
        "osmId": "relation/2210857",
        "name": "річка Унава",
        "nameUk": "річка Унава",
        "nameEn": "Unava River",
        "water": "water",
        "leisure": null,
        "access": null,
        "source": "OpenStreetMap"
      }
    },
    {
      "type": "Feature",
      "geometry": {
        "type": "Point",
        "coordinates": [
          30.8460918,
          50.9594944
        ]
      },
      "properties": {
        "osmId": "relation/2273126",
        "name": "Озеро Солонецьке",
        "nameUk": "Озеро Солонецьке",
        "nameEn": null,
        "water": "water",
        "leisure": null,
        "access": null,
        "source": "OpenStreetMap"
      }
    },
    {
      "type": "Feature",
      "geometry": {
        "type": "Point",
        "coordinates": [
          30.6075001,
          50.5595037
        ]
      },
      "properties": {
        "osmId": "relation/2351763",
        "name": "стариця Десни",
        "nameUk": "стариця Десни",
        "nameEn": null,
        "water": "water",
        "leisure": null,
        "access": null,
        "source": "OpenStreetMap"
      }
    },
    {
      "type": "Feature",
      "geometry": {
        "type": "Point",
        "coordinates": [
          30.8414329,
          49.867417
        ]
      },
      "properties": {
        "osmId": "relation/2526706",
        "name": "Пасківка",
        "nameUk": "Пасківка",
        "nameEn": null,
        "water": "water",
        "leisure": null,
        "access": null,
        "source": "OpenStreetMap"
      }
    },
    {
      "type": "Feature",
      "geometry": {
        "type": "Point",
        "coordinates": [
          29.8312684,
          50.4664628
        ]
      },
      "properties": {
        "osmId": "relation/2593522",
        "name": "Гавронщинське водосховище",
        "nameUk": "Гавронщинське водосховище",
        "nameEn": null,
        "water": "water",
        "leisure": null,
        "access": null,
        "source": "OpenStreetMap"
      }
    },
    {
      "type": "Feature",
      "geometry": {
        "type": "Point",
        "coordinates": [
          30.3647272,
          50.353496
        ]
      },
      "properties": {
        "osmId": "relation/2604851",
        "name": "Гачок",
        "nameUk": "Гачок",
        "nameEn": null,
        "water": "pond",
        "leisure": null,
        "access": null,
        "source": "OpenStreetMap"
      }
    },
    {
      "type": "Feature",
      "geometry": {
        "type": "Point",
        "coordinates": [
          29.1743793,
          50.7671661
        ]
      },
      "properties": {
        "osmId": "relation/3044955",
        "name": "Малинське водосховище",
        "nameUk": "Малинське водосховище",
        "nameEn": null,
        "water": "reservoir",
        "leisure": null,
        "access": null,
        "source": "OpenStreetMap"
      }
    },
    {
      "type": "Feature",
      "geometry": {
        "type": "Point",
        "coordinates": [
          30.5069896,
          50.5363854
        ]
      },
      "properties": {
        "osmId": "relation/3110610",
        "name": "Верблюд затока",
        "nameUk": "Верблюд затока",
        "nameEn": null,
        "water": "water",
        "leisure": null,
        "access": null,
        "source": "OpenStreetMap"
      }
    },
    {
      "type": "Feature",
      "geometry": {
        "type": "Point",
        "coordinates": [
          31.1556507,
          49.9741883
        ]
      },
      "properties": {
        "osmId": "relation/3173129",
        "name": "Канівське водосховище",
        "nameUk": "Канівське водосховище",
        "nameEn": "Kaniv Reservoir",
        "water": "reservoir",
        "leisure": null,
        "access": null,
        "source": "OpenStreetMap"
      }
    },
    {
      "type": "Feature",
      "geometry": {
        "type": "Point",
        "coordinates": [
          30.5746195,
          50.9566936
        ]
      },
      "properties": {
        "osmId": "relation/3188775",
        "name": "Лиманне господарство «Ошитки»",
        "nameUk": "Лиманне господарство «Ошитки»",
        "nameEn": null,
        "water": "water",
        "leisure": null,
        "access": null,
        "source": "OpenStreetMap"
      }
    },
    {
      "type": "Feature",
      "geometry": {
        "type": "Point",
        "coordinates": [
          30.2033493,
          49.9585145
        ]
      },
      "properties": {
        "osmId": "relation/3200201",
        "name": "Саливінківське водосховище",
        "nameUk": "Саливінківське водосховище",
        "nameEn": null,
        "water": "water",
        "leisure": null,
        "access": null,
        "source": "OpenStreetMap"
      }
    },
    {
      "type": "Feature",
      "geometry": {
        "type": "Point",
        "coordinates": [
          30.0787581,
          51.4094822
        ]
      },
      "properties": {
        "osmId": "relation/3490431",
        "name": "Янівський затон",
        "nameUk": "Янівський затон",
        "nameEn": "Yanovsky Backwater",
        "water": "reservoir",
        "leisure": null,
        "access": null,
        "source": "OpenStreetMap"
      }
    },
    {
      "type": "Feature",
      "geometry": {
        "type": "Point",
        "coordinates": [
          30.140502,
          50.5856155
        ]
      },
      "properties": {
        "osmId": "relation/4029511",
        "name": "Технікумівське №4",
        "nameUk": "Технікумівське №4",
        "nameEn": null,
        "water": "lake",
        "leisure": null,
        "access": null,
        "source": "OpenStreetMap"
      }
    },
    {
      "type": "Feature",
      "geometry": {
        "type": "Point",
        "coordinates": [
          30.8295564,
          49.8578905
        ]
      },
      "properties": {
        "osmId": "relation/4378095",
        "name": "Сажалка",
        "nameUk": "Сажалка",
        "nameEn": "Sajalka",
        "water": "water",
        "leisure": null,
        "access": null,
        "source": "OpenStreetMap"
      }
    },
    {
      "type": "Feature",
      "geometry": {
        "type": "Point",
        "coordinates": [
          29.9622065,
          49.8812112
        ]
      },
      "properties": {
        "osmId": "relation/4677744",
        "name": "Кам'янка",
        "nameUk": "Кам'янка",
        "nameEn": null,
        "water": "river",
        "leisure": null,
        "access": null,
        "source": "OpenStreetMap"
      }
    },
    {
      "type": "Feature",
      "geometry": {
        "type": "Point",
        "coordinates": [
          30.5741469,
          50.9126308
        ]
      },
      "properties": {
        "osmId": "relation/4779083",
        "name": "Канал",
        "nameUk": "Канал",
        "nameEn": null,
        "water": "reservoir",
        "leisure": null,
        "access": null,
        "source": "OpenStreetMap"
      }
    },
    {
      "type": "Feature",
      "geometry": {
        "type": "Point",
        "coordinates": [
          30.5363523,
          50.6483619
        ]
      },
      "properties": {
        "osmId": "relation/5421967",
        "name": "Канал",
        "nameUk": "Канал",
        "nameEn": null,
        "water": "water",
        "leisure": null,
        "access": null,
        "source": "OpenStreetMap"
      }
    },
    {
      "type": "Feature",
      "geometry": {
        "type": "Point",
        "coordinates": [
          30.4277513,
          50.4361774
        ]
      },
      "properties": {
        "osmId": "relation/5792978",
        "name": "Красавиця",
        "nameUk": "Красавиця",
        "nameEn": null,
        "water": "lake",
        "leisure": null,
        "access": null,
        "source": "OpenStreetMap"
      }
    },
    {
      "type": "Feature",
      "geometry": {
        "type": "Point",
        "coordinates": [
          31.7752845,
          50.4914553
        ]
      },
      "properties": {
        "osmId": "relation/6008524",
        "name": "Рецево",
        "nameUk": "Рецево",
        "nameEn": null,
        "water": "pond",
        "leisure": null,
        "access": null,
        "source": "OpenStreetMap"
      }
    },
    {
      "type": "Feature",
      "geometry": {
        "type": "Point",
        "coordinates": [
          30.7056859,
          50.3906873
        ]
      },
      "properties": {
        "osmId": "relation/6205038",
        "name": "Родина",
        "nameUk": "Родина",
        "nameEn": null,
        "water": "water",
        "leisure": null,
        "access": null,
        "source": "OpenStreetMap"
      }
    },
    {
      "type": "Feature",
      "geometry": {
        "type": "Point",
        "coordinates": [
          30.3339998,
          50.5492912
        ]
      },
      "properties": {
        "osmId": "relation/6453897",
        "name": "Карачун",
        "nameUk": "Карачун",
        "nameEn": null,
        "water": "water",
        "leisure": null,
        "access": null,
        "source": "OpenStreetMap"
      }
    },
    {
      "type": "Feature",
      "geometry": {
        "type": "Point",
        "coordinates": [
          30.4863014,
          50.5939061
        ]
      },
      "properties": {
        "osmId": "relation/6560368",
        "name": "Лісове озеро",
        "nameUk": "Лісове озеро",
        "nameEn": null,
        "water": "pond",
        "leisure": null,
        "access": null,
        "source": "OpenStreetMap"
      }
    },
    {
      "type": "Feature",
      "geometry": {
        "type": "Point",
        "coordinates": [
          30.2229632,
          50.1779754
        ]
      },
      "properties": {
        "osmId": "relation/6668051",
        "name": "Бублик",
        "nameUk": "Бублик",
        "nameEn": null,
        "water": "water",
        "leisure": null,
        "access": null,
        "source": "OpenStreetMap"
      }
    },
    {
      "type": "Feature",
      "geometry": {
        "type": "Point",
        "coordinates": [
          29.2727923,
          50.7036181
        ]
      },
      "properties": {
        "osmId": "relation/7442419",
        "name": "Візнянське водосховище",
        "nameUk": "Візнянське водосховище",
        "nameEn": "Viznia Reservoir",
        "water": "water",
        "leisure": null,
        "access": null,
        "source": "OpenStreetMap"
      }
    },
    {
      "type": "Feature",
      "geometry": {
        "type": "Point",
        "coordinates": [
          29.2818944,
          50.7581957
        ]
      },
      "properties": {
        "osmId": "relation/7523898",
        "name": "Ірша",
        "nameUk": "Ірша",
        "nameEn": null,
        "water": "river",
        "leisure": null,
        "access": null,
        "source": "OpenStreetMap"
      }
    },
    {
      "type": "Feature",
      "geometry": {
        "type": "Point",
        "coordinates": [
          30.5438361,
          50.463241
        ]
      },
      "properties": {
        "osmId": "relation/7663079",
        "name": "Веслувальний канал",
        "nameUk": "Веслувальний канал",
        "nameEn": null,
        "water": "river",
        "leisure": null,
        "access": null,
        "source": "OpenStreetMap"
      }
    },
    {
      "type": "Feature",
      "geometry": {
        "type": "Point",
        "coordinates": [
          29.4394354,
          50.6174293
        ]
      },
      "properties": {
        "osmId": "relation/7673606",
        "name": "Тетерів",
        "nameUk": "Тетерів",
        "nameEn": "Teteriv",
        "water": "river",
        "leisure": null,
        "access": null,
        "source": "OpenStreetMap"
      }
    },
    {
      "type": "Feature",
      "geometry": {
        "type": "Point",
        "coordinates": [
          30.2735377,
          51.2813241
        ]
      },
      "properties": {
        "osmId": "relation/7800990",
        "name": "Старуха",
        "nameUk": "Старуха",
        "nameEn": null,
        "water": "oxbow",
        "leisure": null,
        "access": null,
        "source": "OpenStreetMap"
      }
    },
    {
      "type": "Feature",
      "geometry": {
        "type": "Point",
        "coordinates": [
          29.2721271,
          50.7619964
        ]
      },
      "properties": {
        "osmId": "relation/7827296",
        "name": "Став-могильник техніки цегельні",
        "nameUk": "Став-могильник техніки цегельні",
        "nameEn": null,
        "water": "pond",
        "leisure": null,
        "access": null,
        "source": "OpenStreetMap"
      }
    },
    {
      "type": "Feature",
      "geometry": {
        "type": "Point",
        "coordinates": [
          30.6029897,
          51.2905377
        ]
      },
      "properties": {
        "osmId": "relation/8127778",
        "name": "возера Старык / Озеро Старик",
        "nameUk": "Озеро Старик / Озеро Старик",
        "nameEn": "Lake Staryk",
        "water": "oxbow",
        "leisure": null,
        "access": null,
        "source": "OpenStreetMap"
      }
    },
    {
      "type": "Feature",
      "geometry": {
        "type": "Point",
        "coordinates": [
          31.3135769,
          51.4929723
        ]
      },
      "properties": {
        "osmId": "relation/8804661",
        "name": "Стрижень",
        "nameUk": "Стрижень",
        "nameEn": "Stryzhen",
        "water": "river",
        "leisure": null,
        "access": null,
        "source": "OpenStreetMap"
      }
    },
    {
      "type": "Feature",
      "geometry": {
        "type": "Point",
        "coordinates": [
          29.4602367,
          50.5159946
        ]
      },
      "properties": {
        "osmId": "relation/9073171",
        "name": "Білка",
        "nameUk": "Білка",
        "nameEn": "Bilka",
        "water": "lake",
        "leisure": null,
        "access": null,
        "source": "OpenStreetMap"
      }
    },
    {
      "type": "Feature",
      "geometry": {
        "type": "Point",
        "coordinates": [
          30.6533095,
          50.2782229
        ]
      },
      "properties": {
        "osmId": "relation/9087319",
        "name": "Дніпро",
        "nameUk": "Дніпро",
        "nameEn": null,
        "water": "river",
        "leisure": null,
        "access": null,
        "source": "OpenStreetMap"
      }
    },
    {
      "type": "Feature",
      "geometry": {
        "type": "Point",
        "coordinates": [
          30.6360682,
          50.2513691
        ]
      },
      "properties": {
        "osmId": "relation/9366951",
        "name": "Криве озеро",
        "nameUk": "Криве озеро",
        "nameEn": null,
        "water": "pond",
        "leisure": null,
        "access": null,
        "source": "OpenStreetMap"
      }
    },
    {
      "type": "Feature",
      "geometry": {
        "type": "Point",
        "coordinates": [
          30.3520917,
          50.5285652
        ]
      },
      "properties": {
        "osmId": "relation/9701419",
        "name": "Міський став",
        "nameUk": "Міський став",
        "nameEn": null,
        "water": "water",
        "leisure": null,
        "access": null,
        "source": "OpenStreetMap"
      }
    },
    {
      "type": "Feature",
      "geometry": {
        "type": "Point",
        "coordinates": [
          30.4915233,
          50.3376243
        ]
      },
      "properties": {
        "osmId": "relation/9967245",
        "name": "Паладинські ставки",
        "nameUk": "Паладинські ставки",
        "nameEn": null,
        "water": "pond",
        "leisure": null,
        "access": null,
        "source": "OpenStreetMap"
      }
    },
    {
      "type": "Feature",
      "geometry": {
        "type": "Point",
        "coordinates": [
          30.0523261,
          51.4186593
        ]
      },
      "properties": {
        "osmId": "relation/10831896",
        "name": "Семиходський ставок",
        "nameUk": "Семиходський ставок",
        "nameEn": "Lake Semikhodskiy",
        "water": "lake",
        "leisure": null,
        "access": null,
        "source": "OpenStreetMap"
      }
    },
    {
      "type": "Feature",
      "geometry": {
        "type": "Point",
        "coordinates": [
          30.3666281,
          50.5933897
        ]
      },
      "properties": {
        "osmId": "relation/11015216",
        "name": "Крикунів став",
        "nameUk": "Крикунів став",
        "nameEn": null,
        "water": "water",
        "leisure": null,
        "access": null,
        "source": "OpenStreetMap"
      }
    },
    {
      "type": "Feature",
      "geometry": {
        "type": "Point",
        "coordinates": [
          31.2090951,
          51.3551167
        ]
      },
      "properties": {
        "osmId": "relation/11142966",
        "name": "Річище",
        "nameUk": "Річище",
        "nameEn": null,
        "water": "lake",
        "leisure": null,
        "access": null,
        "source": "OpenStreetMap"
      }
    },
    {
      "type": "Feature",
      "geometry": {
        "type": "Point",
        "coordinates": [
          30.3325128,
          50.4589937
        ]
      },
      "properties": {
        "osmId": "relation/11370054",
        "name": "Святошинське озеро",
        "nameUk": "Святошинське озеро",
        "nameEn": null,
        "water": "lake",
        "leisure": null,
        "access": null,
        "source": "OpenStreetMap"
      }
    },
    {
      "type": "Feature",
      "geometry": {
        "type": "Point",
        "coordinates": [
          30.5443404,
          50.4693239
        ]
      },
      "properties": {
        "osmId": "relation/11512883",
        "name": "Бабине озеро",
        "nameUk": "Бабине озеро",
        "nameEn": null,
        "water": "water",
        "leisure": null,
        "access": null,
        "source": "OpenStreetMap"
      }
    },
    {
      "type": "Feature",
      "geometry": {
        "type": "Point",
        "coordinates": [
          30.6387836,
          50.419298
        ]
      },
      "properties": {
        "osmId": "relation/11601776",
        "name": "Сонячне",
        "nameUk": "Сонячне",
        "nameEn": null,
        "water": "pond",
        "leisure": null,
        "access": null,
        "source": "OpenStreetMap"
      }
    },
    {
      "type": "Feature",
      "geometry": {
        "type": "Point",
        "coordinates": [
          30.3363994,
          50.5991175
        ]
      },
      "properties": {
        "osmId": "relation/11667938",
        "name": "Мощунка",
        "nameUk": "Мощунка",
        "nameEn": null,
        "water": "water",
        "leisure": null,
        "access": null,
        "source": "OpenStreetMap"
      }
    },
    {
      "type": "Feature",
      "geometry": {
        "type": "Point",
        "coordinates": [
          30.9676424,
          50.3447344
        ]
      },
      "properties": {
        "osmId": "relation/11717764",
        "name": "Олесницьке озеро",
        "nameUk": "Олесницьке озеро",
        "nameEn": "Olesnytske Lake",
        "water": "lake",
        "leisure": null,
        "access": null,
        "source": "OpenStreetMap"
      }
    },
    {
      "type": "Feature",
      "geometry": {
        "type": "Point",
        "coordinates": [
          30.4938467,
          50.4975715
        ]
      },
      "properties": {
        "osmId": "relation/11844544",
        "name": "Кирилівське озеро",
        "nameUk": "Кирилівське озеро",
        "nameEn": "Kyrylivske",
        "water": "lake",
        "leisure": null,
        "access": null,
        "source": "OpenStreetMap"
      }
    },
    {
      "type": "Feature",
      "geometry": {
        "type": "Point",
        "coordinates": [
          31.3174605,
          51.4875712
        ]
      },
      "properties": {
        "osmId": "relation/12350047",
        "name": "Стрижень",
        "nameUk": "Стрижень",
        "nameEn": "Strigen",
        "water": "river",
        "leisure": null,
        "access": null,
        "source": "OpenStreetMap"
      }
    },
    {
      "type": "Feature",
      "geometry": {
        "type": "Point",
        "coordinates": [
          31.7736767,
          50.4841304
        ]
      },
      "properties": {
        "osmId": "relation/12359763",
        "name": "Заводський ставок",
        "nameUk": "Заводський ставок",
        "nameEn": null,
        "water": "pond",
        "leisure": null,
        "access": null,
        "source": "OpenStreetMap"
      }
    },
    {
      "type": "Feature",
      "geometry": {
        "type": "Point",
        "coordinates": [
          30.9063465,
          50.5994008
        ]
      },
      "properties": {
        "osmId": "relation/12413414",
        "name": "Ситов",
        "nameUk": "Ситов",
        "nameEn": null,
        "water": "lake",
        "leisure": null,
        "access": null,
        "source": "OpenStreetMap"
      }
    },
    {
      "type": "Feature",
      "geometry": {
        "type": "Point",
        "coordinates": [
          30.6869819,
          50.4886904
        ]
      },
      "properties": {
        "osmId": "relation/13653915",
        "name": "Помильне",
        "nameUk": "Помильне",
        "nameEn": null,
        "water": "lake",
        "leisure": null,
        "access": null,
        "source": "OpenStreetMap"
      }
    },
    {
      "type": "Feature",
      "geometry": {
        "type": "Point",
        "coordinates": [
          30.7598724,
          50.4969962
        ]
      },
      "properties": {
        "osmId": "relation/14978979",
        "name": "Каланча",
        "nameUk": "Каланча",
        "nameEn": null,
        "water": "lake",
        "leisure": null,
        "access": null,
        "source": "OpenStreetMap"
      }
    },
    {
      "type": "Feature",
      "geometry": {
        "type": "Point",
        "coordinates": [
          30.4559523,
          50.3822375
        ]
      },
      "properties": {
        "osmId": "relation/15986613",
        "name": "Ставок №2 р.Нивка",
        "nameUk": "Ставок №2 р.Нивка",
        "nameEn": null,
        "water": "pond",
        "leisure": null,
        "access": null,
        "source": "OpenStreetMap"
      }
    },
    {
      "type": "Feature",
      "geometry": {
        "type": "Point",
        "coordinates": [
          30.4869443,
          50.502409
        ]
      },
      "properties": {
        "osmId": "relation/16183876",
        "name": "Андріївське озеро",
        "nameUk": "Андріївське озеро",
        "nameEn": "Andriivske",
        "water": "lake",
        "leisure": null,
        "access": null,
        "source": "OpenStreetMap"
      }
    },
    {
      "type": "Feature",
      "geometry": {
        "type": "Point",
        "coordinates": [
          30.9841578,
          50.0934227
        ]
      },
      "properties": {
        "osmId": "relation/17383974",
        "name": "Святе озеро",
        "nameUk": "Святе озеро",
        "nameEn": null,
        "water": "lake",
        "leisure": null,
        "access": null,
        "source": "OpenStreetMap"
      }
    },
    {
      "type": "Feature",
      "geometry": {
        "type": "Point",
        "coordinates": [
          30.2024101,
          50.1792767
        ]
      },
      "properties": {
        "osmId": "relation/17384480",
        "name": "9",
        "nameUk": "9",
        "nameEn": null,
        "water": "water",
        "leisure": null,
        "access": null,
        "source": "OpenStreetMap"
      }
    },
    {
      "type": "Feature",
      "geometry": {
        "type": "Point",
        "coordinates": [
          30.5455912,
          50.5215923
        ]
      },
      "properties": {
        "osmId": "relation/17418453",
        "name": "Озеро Старик",
        "nameUk": "Озеро Старик",
        "nameEn": null,
        "water": "oxbow",
        "leisure": null,
        "access": null,
        "source": "OpenStreetMap"
      }
    },
    {
      "type": "Feature",
      "geometry": {
        "type": "Point",
        "coordinates": [
          30.7624273,
          50.5030196
        ]
      },
      "properties": {
        "osmId": "relation/17473158",
        "name": "Вербне",
        "nameUk": "Вербне",
        "nameEn": null,
        "water": "озеро",
        "leisure": null,
        "access": null,
        "source": "OpenStreetMap"
      }
    },
    {
      "type": "Feature",
      "geometry": {
        "type": "Point",
        "coordinates": [
          30.5159548,
          50.4900267
        ]
      },
      "properties": {
        "osmId": "relation/17502706",
        "name": "Вербне",
        "nameUk": "Вербне",
        "nameEn": "Verbne",
        "water": "lake",
        "leisure": null,
        "access": null,
        "source": "OpenStreetMap"
      }
    },
    {
      "type": "Feature",
      "geometry": {
        "type": "Point",
        "coordinates": [
          30.4804405,
          50.5060089
        ]
      },
      "properties": {
        "osmId": "relation/17504334",
        "name": "Пташине",
        "nameUk": "Пташине",
        "nameEn": "Ptashyne",
        "water": "lake",
        "leisure": null,
        "access": null,
        "source": "OpenStreetMap"
      }
    },
    {
      "type": "Feature",
      "geometry": {
        "type": "Point",
        "coordinates": [
          30.6319096,
          50.3675967
        ]
      },
      "properties": {
        "osmId": "relation/18467592",
        "name": "Мартишів",
        "nameUk": "Мартишів",
        "nameEn": "Martyshiv",
        "water": "water",
        "leisure": null,
        "access": null,
        "source": "OpenStreetMap"
      }
    },
    {
      "type": "Feature",
      "geometry": {
        "type": "Point",
        "coordinates": [
          30.6350592,
          50.3793384
        ]
      },
      "properties": {
        "osmId": "relation/18468494",
        "name": "Небреж",
        "nameUk": "Небреж",
        "nameEn": null,
        "water": "lake",
        "leisure": null,
        "access": null,
        "source": "OpenStreetMap"
      }
    },
    {
      "type": "Feature",
      "geometry": {
        "type": "Point",
        "coordinates": [
          30.3402327,
          50.5429982
        ]
      },
      "properties": {
        "osmId": "relation/19010235",
        "name": "Двірець",
        "nameUk": "Двірець",
        "nameEn": null,
        "water": "water",
        "leisure": null,
        "access": null,
        "source": "OpenStreetMap"
      }
    },
    {
      "type": "Feature",
      "geometry": {
        "type": "Point",
        "coordinates": [
          31.2924044,
          51.461303
        ]
      },
      "properties": {
        "osmId": "relation/20255631",
        "name": "Монастирське озеро",
        "nameUk": "Монастирське озеро",
        "nameEn": null,
        "water": "water",
        "leisure": null,
        "access": null,
        "source": "OpenStreetMap"
      }
    },
    {
      "type": "Feature",
      "geometry": {
        "type": "Point",
        "coordinates": [
          30.2184646,
          51.2855129
        ]
      },
      "properties": {
        "osmId": "relation/20368727",
        "name": "Затока",
        "nameUk": "Затока",
        "nameEn": "Backwater",
        "water": "water",
        "leisure": null,
        "access": null,
        "source": "OpenStreetMap"
      }
    },
    {
      "type": "Feature",
      "geometry": {
        "type": "Point",
        "coordinates": [
          30.5288452,
          50.4729074
        ]
      },
      "properties": {
        "osmId": "relation/20737433",
        "name": "Гавань особливого призначення",
        "nameUk": "Гавань особливого призначення",
        "nameEn": "Special Purpose Basin",
        "water": "harbour",
        "leisure": null,
        "access": null,
        "source": "OpenStreetMap"
      }
    },
    {
      "type": "Feature",
      "geometry": {
        "type": "Point",
        "coordinates": [
          30.5232945,
          50.4795477
        ]
      },
      "properties": {
        "osmId": "relation/20737434",
        "name": "Затон «Кузні на Рибальському»",
        "nameUk": "Затон «Кузні на Рибальському»",
        "nameEn": "Kuznia na Rybalskomu Basin",
        "water": "harbour",
        "leisure": null,
        "access": null,
        "source": "OpenStreetMap"
      }
    },
    {
      "type": "Feature",
      "geometry": {
        "type": "Point",
        "coordinates": [
          30.50538,
          50.4804659
        ]
      },
      "properties": {
        "osmId": "relation/20737435",
        "name": "Північний ківш",
        "nameUk": "Північний ківш",
        "nameEn": "Northern Basin",
        "water": "harbour",
        "leisure": null,
        "access": null,
        "source": "OpenStreetMap"
      }
    },
    {
      "type": "Feature",
      "geometry": {
        "type": "Point",
        "coordinates": [
          30.5155019,
          50.4752113
        ]
      },
      "properties": {
        "osmId": "relation/20737436",
        "name": "Київська гавань",
        "nameUk": "Київська гавань",
        "nameEn": "Kyiv Haven",
        "water": "harbour",
        "leisure": null,
        "access": null,
        "source": "OpenStreetMap"
      }
    }
  ]
}